ILVMexico.org â€“ 2022				
zaa/item_2/zaa_gramsel.pdf	55	0	359.64 MB	6.54 MB
maj/item_1/maj_propuesto_convenciones.pdf	50	0	5.65 MB	115.80 KB
zpu/item_3/zpu_conjugVerbos.pdf	17	0	35.25 MB	2.07 MB
zpv/item_28/zpv_Vocab.pdf	15	0	19.26 MB	1.28 MB
mbz/item_9/mbz_numeru.pdf	13	0	5.62 MB	442.42 KB
zaw/item_5/zaw_cuentos.pdf	10	2	551.40 MB	45.95 MB
ztg/item_9/ztg-diferentes-tipos-tortillas-comemos...	10	0	1003.98 MB	100.40 MB
chf/item_1/chf_Diccionario_chontal_de_Tabasco.pdf	9	0	375.31 MB	41.70 MB
cok/item_3/cok_pastel.pdf	9	1	962.45 KB	96.25 KB
husSLP/item_1/hus_Vocabulario%20huasteco_San_Luis...	9	9	70.36 MB	3.91 MB
cux/item_1/cux_Diccionario_cuicateco.pdf	8	0	577.56 MB	72.20 MB
ncl/item_2/ncl_Diccionario.pdf	8	0	7.96 MB	1018.33 KB
poi/item_2/poi_gramatica.pdf	8	0	78.03 MB	9.75 MB
zpt/item_2/zpt_diccionario.pdf	7	0	46.35 MB	6.62 MB
maaSJ/item_1/maa-Animales-grandes_pasta.pdf	6	0	178.39 KB	29.73 KB
maaSJ/item_10/maa-quien-mama_imprimir.pdf	6	1	1.85 MB	270.94 KB
maaSJ/item_2/maa-Animales-que-hay_imprimir.pdf	6	1	4.90 MB	716.18 KB
meh/item_23/meh_letra_saltillo.pdf	6	1	6.01 MB	878.65 KB
mix/item_33/mix-rana-zopilote_imprimir.pdf	6	0	1.23 MB	209.68 KB
mix/item_33/mix-rana-zopilote_pasta.pdf	6	0	165.06 KB	27.51 KB
mix/item_35/mix-sabino-mixtepec.pdf	6	0	1.43 MB	244.69 KB
ntp/item_2/ntp_Gram%C3%A1tica.pdf	6	0	9.07 MB	1.51 MB
toc/item_1/toc_Dictionary.pdf	6	0	172.24 MB	28.71 MB
xtm/item_11/xtm_Paradigmas_Pronombres.pdf	6	0	684.33 KB	114.05 KB
xtm/item_4/xtm-Cuento-nino-y-un-leon.pdf	6	0	5.85 MB	997.87 KB
zpi/item_12/zpi-hombre-sembro-platanos.pdf	6	0	2.78 MB	474.76 KB
ctl/item_1/Aprendamos-leer-escribir-ctl.pdf	5	0	8.89 MB	1.78 MB
maaSJ/item_1/maa-Animales-grandes_imprimir.pdf	5	0	1.93 MB	395.35 KB
maaSJ/item_1/maa_Animales_grandes.pdf	5	0	1.56 MB	320.26 KB
maaSJ/item_2/maa-Animales-que-hay_pasta.pdf	5	0	329.51 KB	65.90 KB
maaSJ/item_6/maa-los-ninos_imprimir.pdf	5	1	956.36 KB	159.39 KB
maaSJ/item_6/maa-los-ninos_pasta.pdf	5	0	164.96 KB	32.99 KB
maaSJ/item_8/maa_pasado_presente.pdf	5	0	4.05 MB	830.14 KB
maq/item_1/maq_diccionario.pdf	5	0	118.79 MB	23.76 MB
mbz/item_5/mbz_letras.pdf	5	0	339.83 KB	67.97 KB
meh/item_17/meh_leamos_nombres_varias.pdf	5	0	4.66 MB	955.29 KB
meh/item_38/meh-escuchemos-leamos.pdf	5	0	6.45 MB	1.29 MB
meh/item_38/meh-escuchemos_leamos.pdf	5	0	6.96 MB	1.39 MB
mib/item_1/mib_gramatica.txt	5	0	210 Bytes	42 Bytes
mix/item_35/mix-sabino-mixtepec_imprimir.pdf	5	0	1000.54 KB	200.11 KB
nuz/item_1/ngu_nuz_Comparative_vocabulary.pdf	5	0	3.57 MB	730.87 KB
tpt/item_1/tpt-Leamos-Tepehua.pdf	5	0	6.19 MB	1.24 MB
tpt/item_2/tpt-vocabulario-ilustrado.pdf	5	0	10.34 MB	2.07 MB
tzhB/item_1/tzh_diccionario_ed2.pdf	5	362	181.05 MB	505.15 KB
xtm/item_3/xtm_cuatroVocabularios.pdf	5	0	10.82 MB	2.16 MB
zae/item_2/zae-alfabeto.pdf	5	0	2.17 MB	444.87 KB
zpf/item_26/zpf-mentiroso-vende-mecate_pasta.pdf	5	0	1.37 MB	280.90 KB
zpf/item_27/zpf-el-cuento-viejito.pdf	5	0	4.12 MB	843.03 KB
zpg/item_7/zpg-paloma-abeja.pdf	5	0	2.99 MB	611.89 KB
zpi/item_12/zpi-hombre-sembro-platanos_pasta.pdf	5	0	133.23 KB	26.65 KB
zpv/item_25/zpv-bordado-vestido_imprimir.pdf	5	0	655.52 KB	131.10 KB
ztg/item_33/ztg-pequeno-dicc-ilustrado.pdf	5	0	58.81 MB	11.76 MB
zts/item_11/zts-vamos-contar_pasta.pdf	5	0	2.29 MB	468.05 KB
zts/item_12/zts-algunas-letras_pasta.pdf	5	0	186.34 KB	37.27 KB
zts/item_8/zts_florLima.pdf	5	0	2.06 MB	421.68 KB
amu/item_6/amu-ljo-machee-tito.pdf	4	0	2.59 MB	662.24 KB
chd/item_1/chd_diccionario_sierra_chontal.pdf	4	0	30.50 MB	7.62 MB
chf/item_2/chf-gramatica-chontal-tabasco.pdf	4	41	21.16 MB	481.54 KB
cle/item_2/cle_propusta_convenciones_escribir.pdf	4	0	602.28 KB	150.57 KB
cpa/item_1/cpa_aprendemos_leer.pdf	4	0	3.64 MB	931.70 KB
cpa/item_3/cpa_vamos_leer.pdf	4	0	5.50 MB	1.38 MB
jmxCON/item_16/jmx-aprendemos-leer-nuestro-idioma...	4	0	43.94 MB	10.98 MB
jmxCON/item_21/jmx_2020_tortilla_grande.pdf	4	0	15.55 MB	3.89 MB
maaSJ/item_2/maa_Animales_que_hay.pdf	4	0	3.50 MB	895.31 KB
maaSJ/item_4/maa-Donde-esta-el-perro_imprimir.pdf	4	0	992.25 KB	248.06 KB
maaSJ/item_4/maa_Donde_esta_el_perro_SJ.pdf	4	0	1.19 MB	303.91 KB
maaSJ/item_6/maa-los-ninos-SJ-con-pasta.pdf	4	0	792.34 KB	198.08 KB
maaSJ/item_7/maa-Palabras-semejantes_imprimir.pdf	4	0	5.31 MB	1.33 MB
maaSJ/item_7/maa_Palabras_semejantes.pdf	4	0	5.13 MB	1.28 MB
mbz/item_11/mbz_tigrePerro.pdf	4	0	2.18 MB	558.06 KB
mbz/item_8/mbz_numerosTres.pdf	4	0	177.46 KB	44.37 KB
meh/item_17/meh-leamos-nombres-varias_pasta.pdf	4	0	188.38 KB	47.10 KB
meh/item_23/meh-letra-saltillo_imprimir.pdf	4	1	4.13 MB	846.32 KB
meh/item_23/meh-letra-saltillo_pasta.pdf	4	0	428.86 KB	107.21 KB
meh/item_29/meh_mini_librito_ch_y_ty.pdf	4	0	1.04 MB	267.04 KB
meh/item_31/meh_pato.pdf	4	0	1.52 MB	389.39 KB
meh/item_33/meh-podemos-contar.pdf	4	0	4.11 MB	1.03 MB
meh/item_36/meh_tejon_travieso.pdf	4	0	2.42 MB	619.98 KB
meh/item_37/meh-volvamos-estudiar.pdf	4	0	15.08 MB	3.77 MB
meh/item_6/meh_ConvOrt.pdf	4	0	653.70 KB	163.42 KB
meh/item_7/meh_cuentos_anciano.pdf	4	0	7.26 MB	1.81 MB
meh/item_8/meh-dic-ilustrado.pdf	4	2	33.16 MB	5.53 MB
meh/item_8/meh_dic_ilustrado.pdf	4	0	30.07 MB	7.52 MB
mimALA/item_2/mim_contarLeer.pdf	4	0	1.42 MB	364.05 KB
mimALA/item_6/mim_leamos2018.pdf	4	0	20.10 MB	5.03 MB
mimATL/item_1/mim_LeamosMixteco_Atlamajalcingo.pd...	4	0	34.20 MB	8.55 MB
mix/item_1/mix-alfabeto-mixtepec_imprimir.pdf	4	0	4.17 MB	1.04 MB
mix/item_33/mix-rana-zopilote.pdf	4	0	931.66 KB	232.91 KB
mix/item_34/mix-sabina-grande.pdf	4	0	1.81 MB	463.13 KB
mix/item_34/mix-sabina-grande_imprimir.pdf	4	0	1.54 MB	393.64 KB
mix/item_34/mix-sabina-grande_pasta.pdf	4	0	284.71 KB	71.18 KB
mix/item_35/mix-sabino-mixtepec_pasta.pdf	4	0	162.33 KB	40.58 KB
mix/item_37/mix-tortolita-colibri-imprimir.pdf	4	0	579.73 KB	144.93 KB
mix/item_41/mix-tres-tortugas.pdf	4	0	289.89 KB	72.47 KB
mxb/item_7/mxb-Leamos-en-mixteco-libro8.pdf	4	0	884.60 KB	221.15 KB
nhm/item_11/nhm-El-pajaro-pelon_imprimir.pdf	4	0	976.39 KB	244.10 KB
sei/item_10/sei-Anecdotas-acerca_imprimir.pdf	4	3	17.77 MB	2.54 MB
sei/item_2/sei_ConvOrt_2019.pdf	4	0	799.88 KB	199.97 KB
stp/item_3/stp_Modismos_corazon.pdf	4	0	984.75 KB	246.19 KB
tac/item_1/tac_El_gigante_de_la_sierra.pdf	4	0	7.39 MB	1.85 MB
toj/item_1/toj_Vocabulario.pdf	4	5	7.28 MB	828.02 KB
xtd/item_2/xtd_pareados.pdf	4	0	2.37 MB	607.68 KB
xti/item_3/xti-como-se-llama_imprimir.pdf	4	0	1.19 MB	304.49 KB
xti/item_3/xti-como-se-llama_pasta.pdf	4	0	1.42 MB	363.13 KB
xtj/item_2/xtj-vamos-leer-mixteco_imprimir.pdf	4	0	2.39 MB	611.93 KB
xtj/item_2/xtj-vamos-leer-mixteco_pasta.pdf	4	0	163.34 KB	40.83 KB
xtm/item_2/xtm_Correr_Penyasco.pdf	4	0	247.00 KB	61.75 KB
xtn/item_1/xtn_Como_escribimos.pdf	4	0	5.23 MB	1.31 MB
zad/item_5/zad-Mi-peque%C3%B1o-diccionario-ilustr...	4	0	652.57 MB	163.14 MB
zai/item_1/zai-arboles-de-Juchitan.pdf	4	0	8.45 MB	2.11 MB
zaw/item_5/zaw_cuentos_imprimir.pdf	4	0	212.02 MB	53.00 MB
zca/item_14/zca-cuento-leon-conejo_imprimir.pdf	4	0	2.71 MB	694.60 KB
zca/item_7/zca-de-quien-esta-cola_imprimir.pdf	4	0	3.76 MB	962.26 KB
zca/item_8/zca-donde-esta-gato_imprimir.pdf	4	0	11.22 MB	2.80 MB
zpf/item_16/zpf-benito-juarez.pdf	4	0	5.99 MB	1.50 MB
zpf/item_16/zpf-benito-juarez_imprimir.pdf	4	0	5.30 MB	1.32 MB
zpf/item_17/zpf-cuento-leon.pdf	4	0	6.86 MB	1.72 MB
zpf/item_20/zpf-cuento-mulo_imprimir.pdf	4	0	4.85 MB	1.21 MB
zpf/item_21/zpf-donde-estamos-mundo_imprimir.pdf	4	0	7.03 MB	1.76 MB
zpf/item_21/zpf-donde-estamos-mundo_pasta.pdf	4	0	243.12 KB	60.78 KB
zpf/item_26/zpf-mentiroso-vende-mecate.pdf	4	0	4.58 MB	1.14 MB
zpf/item_3/zpf-quien-chiflando.pdf	4	0	9.86 MB	2.47 MB
zpf/item_4/zpf-quien-esta-cola_imprimir.pdf	4	0	4.98 MB	1.25 MB
zpg/item_6/zpg-pajaro-pelon.pdf	4	0	1.88 MB	480.26 KB
zpg/item_7/zpg-paloma-abeja_imprimir.pdf	4	0	4.22 MB	1.06 MB
zpg/item_7/zpg-paloma-abeja_pasta.pdf	4	0	1.63 MB	417.80 KB
zpi/item_10/zpi-quieg-alfabeto_imprimir.pdf	4	0	2.88 MB	736.94 KB
zpi/item_10/zpi-quieg-alfabeto_pasta.pdf	4	0	110.37 KB	27.59 KB
zpi/item_11/zpi-nina-murio-perro_imprimir.pdf	4	0	805.04 KB	201.26 KB
zpi/item_11/zpi-nina-murio-perro_pasta.pdf	4	0	171.57 KB	42.89 KB
zpi/item_12/zpi-hombre-sembro-platanos_imprimir.p...	4	0	1.37 MB	350.72 KB
zpi/item_13/zpi-zopilote-estaba-sufriendo.pdf	4	0	1.59 MB	406.47 KB
zpi/item_13/zpi-zopilote-estaba-sufriendo_imprimi...	4	0	1.52 MB	390.18 KB
zpi/item_13/zpi-zopilote-estaba-sufriendo_pasta.p...	4	0	48.97 KB	12.24 KB
zpl/item_22/zpl-palabras-con-X-instrucciones.pdf	4	0	137.58 KB	34.40 KB
zpl/item_22/zpl-palabras-con-X_imprimir.pdf	4	0	364.01 KB	91.00 KB
zpl/item_27/zpl-busca-al-gato_imprimir.pdf	4	0	3.41 MB	873.77 KB
zpl/item_3/zpl-animales-crias_pasta.pdf	4	0	480.50 KB	120.12 KB
zpv/item_10/zpv-leer-escribir_imprimir.pdf	4	0	4.80 MB	1.20 MB
zpv/item_11/zpv-mezcal_imprimir.pdf	4	0	803.71 KB	200.93 KB
zpv/item_27/zpv-pajaro-sediento_imprimir.pdf	4	0	1.09 MB	279.11 KB
zpv/item_5/zpv-chocolate_pasta.pdf	4	0	133.19 KB	33.30 KB
zpv/item_9/zpv-hilo-lana_imprimir.pdf	4	0	725.55 KB	181.39 KB
ztg/item_1/ztg-alfabeto-Ozolotepec.pdf	4	0	7.94 MB	1.98 MB
ztg/item_11/ztg-conejo-inteligente.pdf	4	0	2.57 MB	658.71 KB
ztg/item_51/ztg-alfabeto-zapoteco-sfozolotepec.pd...	4	0	4.70 MB	1.18 MB
ztg/item_9/ztg-diferentes-tipos-tortillas-comemos...	4	0	147.73 MB	36.93 MB
zts/item_1/zts-Zapoteco.pdf	4	0	630.20 KB	157.55 KB
zts/item_14/zts-cuando-iba-ahogar.pdf	4	0	2.57 MB	657.95 KB
zts/item_15/zts-A-hasta-la-Z_pasta.pdf	4	0	186.73 KB	46.68 KB
zts/item_3/zts_ruedaPalabras.pdf	4	0	323.37 KB	80.84 KB
zts/item_5/zts-juguemos-poco_pasta.pdf	4	0	148.61 KB	37.15 KB
zts/item_9/zts_escuelita.pdf	4	0	282.25 KB	70.56 KB
amu/item_1/amu_y_abuela.pdf	3	2	4.24 MB	869.08 KB
cco/item_1/cco_abecedario_chinanteco_comaltepec.pdf	3	0	982.37 KB	327.46 KB
cco/item_11/cco_probaditas_chinanteco_forma_escri...	3	0	449.15 KB	149.72 KB
cco/item_12/cco-quien-hizo-hundiera-canoa_imprimi...	3	0	472.74 KB	157.58 KB
cco/item_12/cco-quien-hizo-hundiera-canoa_pasta.pdf	3	0	83.79 KB	27.93 KB
cco/item_6/cco_gramatica_chinanteca_comaltepec.pdf	3	0	26.74 MB	8.91 MB
cok/item_11/cok_lobo.pdf	3	0	531.26 KB	177.09 KB
cok/item_12/cok_pajaroPelon.pdf	3	0	658.79 KB	219.60 KB
crnN/item_2/crn_diccionario.pdf	3	0	11.08 MB	3.69 MB
ctuTI/item_1/ctu_gramatica_chol.pdf	3	143	102.61 MB	719.65 KB
hch/item_1/hch-aliment-higiene_imprimir.pdf	3	0	226.60 KB	75.53 KB
hch/item_1/hch-aliment-higiene_pasta.pdf	3	0	74.15 KB	24.72 KB
hch/item_2/hch_escribiendo.pdf	3	0	186.44 KB	62.15 KB
jmxCON/item_1/tortilla-grande-jmx-con-pasta.pdf	3	0	10.63 MB	3.54 MB
jmxSMP/item_1/animales-grandes-chicos-jmx-smp-con...	3	0	13.91 MB	4.64 MB
jmxSMP/item_2/burro-lindo-jmx-smp-con-pasta.pdf	3	0	5.53 MB	1.84 MB
jmxSMP/item_3/colores-cosas-comemos-jmx-smp-con-p...	3	0	8.02 MB	2.67 MB
jmxSMP/item_4/leamos-que-hora-es-jmp-smp-con-past...	3	0	2.38 MB	811.24 KB
jmxSMP/item_5/numeros-uno-cien-jmx-smp-con-pasta....	3	0	7.47 MB	2.49 MB
jmxSMP/item_6/sabes-animales-patas-jmx-smp-con-pa...	3	0	6.20 MB	2.07 MB
jmxSMP/item_7/del-maiz-a-la-tortilla-jmx-smp-con-...	3	0	7.06 MB	2.35 MB
maaE/item_6/maa_LetraX_Imp.pdf	3	0	405.92 KB	135.31 KB
maaE/item_8/maa_nanda_tijna_nana.pdf	3	0	1001.54 KB	333.85 KB
maaSJ/item_1/maa-Animales-grandes.pdf	3	0	810.59 KB	270.20 KB
maaSJ/item_10/maa-quien-mama_pasta.pdf	3	0	105.82 KB	35.27 KB
maaSJ/item_12/maa-vaca-perro.pdf	3	1	469.86 KB	117.47 KB
maaSJ/item_12/maa-vaca-perro_imprimir.pdf	3	0	420.69 KB	140.23 KB
maaSJ/item_13/maa-Vamos-a-contar_imprimir.pdf	3	0	2.19 MB	746.83 KB
maaSJ/item_4/maa-Donde--esta-el-perro_pasta.pdf	3	0	98.28 KB	32.76 KB
maaSJ/item_7/maa-Palabras-semejantes_pasta.pdf	3	0	1.03 MB	352.48 KB
maaSJ/item_8/maa-pasado-presente_imprimir.pdf	3	0	2.67 MB	911.43 KB
maaSJ/item_8/maa-pasado_presente_pasta.pdf	3	0	309.00 KB	103.00 KB
maaSJ/item_9/maa-Que-esta-haciendo.pdf	3	1	1.35 MB	346.50 KB
maj/item_3/maj_Tinchiyai.pdf	3	0	1.50 MB	513.62 KB
maj/item_4/maj_Xujun_en.pdf	3	0	27.67 MB	9.22 MB
maz/item_1/maz-read-mazahua.pdf	3	0	2.47 MB	841.62 KB
mbz/item_2/mbz-cuentosCortos_imprimir.pdf	3	0	1.32 MB	451.99 KB
mbz/item_2/mbz-cuentosCortos_pasta.pdf	3	0	173.60 KB	57.87 KB
mbz/item_2/mbz_cuentosCortos.pdf	3	0	736.99 KB	245.66 KB
meh/item_1/meh_animal_pata.pdf	3	0	4.95 MB	1.65 MB
meh/item_11/meh_gato.pdf	3	0	9.13 MB	3.04 MB
meh/item_15/meh-hormigas-elefante_imprimir.pdf	3	2	4.68 MB	958.39 KB
meh/item_16/meh-jovenes-armadillo_imprimir.pdf	3	0	660.77 KB	220.26 KB
meh/item_16/meh-jovenes-armadillo_pasta.pdf	3	0	108.84 KB	36.28 KB
meh/item_16/meh_jovenes_armadillo.pdf	3	0	354.67 KB	118.22 KB
meh/item_2/meh_chetan.pdf	3	0	14.60 MB	4.87 MB
meh/item_27/meh_mejoremos_i_cortada.pdf	3	0	3.65 MB	1.22 MB
meh/item_28/meh_mejoremos_nasalization.pdf	3	0	2.90 MB	990.43 KB
meh/item_3/meh-chivo-huerfano-travieso.pdf	3	0	185.94 KB	61.98 KB
meh/item_34/meh_pollito.pdf	3	0	12.78 MB	4.26 MB
meh/item_35/meh_saltillo.pdf	3	0	1.53 MB	522.66 KB
meh/item_36/meh-tejon-travieso.pdf	3	0	358.39 KB	119.46 KB
meh/item_36/meh-tejon-travieso_imprimir.pdf	3	0	6.08 MB	2.03 MB
meh/item_36/meh-tejon-travieso_pasta.pdf	3	0	145.37 KB	48.46 KB
meh/item_37/meh_volvamos_estudiar.pdf	3	0	12.31 MB	4.10 MB
meh/item_38/meh-escuchemos-leamos_imprimir.pdf	3	0	5.06 MB	1.69 MB
meh/item_38/meh-escuchemos-leamos_pasta.pdf	3	0	356.92 KB	118.97 KB
meh/item_4/meh-conejo-orejas-paradas_imprimir.pdf	3	0	5.86 MB	1.95 MB
meh/item_4/meh-conejo-orejas-paradas_pasta.pdf	3	0	1.68 MB	575.02 KB
meh/item_5/meh_conejo_vibora.pdf	3	0	39.49 MB	13.16 MB
meh/item_8/meh-dic-ilustrado_imprimir.pdf	3	0	24.81 MB	8.27 MB
meh/item_8/meh-dic-ilustrado_pasta.pdf	3	0	769.99 KB	256.66 KB
meh/item_9/meh_e_saltillo.pdf	3	0	836.09 KB	278.70 KB
mig/item_1/mig_vocabulario.pdf	3	0	14.20 MB	4.73 MB
mimALA/item_8/mim-vistazoGramatica_imprimir.pdf	3	2	1.17 MB	240.49 KB
mimALA/item_8/mim_vistazoGramatica..pdf	3	0	1.20 MB	408.30 KB
mix/item_26/mix-nino-asusto.pdf	3	0	410.32 KB	136.77 KB
mix/item_27/mix-nuestra-lengua_pasta.pdf	3	0	70.93 KB	23.64 KB
mix/item_31/mix-perro-viejo.pdf	3	0	1.07 MB	366.91 KB
mix/item_36/mix-tortilla-gorda_imprimir.pdf	3	0	774.37 KB	258.12 KB
mix/item_40/mix-tres-ardillas.pdf	3	0	206.49 KB	68.83 KB
mix/item_42/mix-sapo-toro.pdf	3	0	262.38 KB	87.46 KB
mix/item_42/mix-sapo-toro_imprimir.pdf	3	1	279.56 KB	69.89 KB
mxb/item_10/mxb-Tio-Conejo-Coyote.pdf	3	0	472.81 KB	157.60 KB
mxb/item_10/mxb-Tio-Conejo-Coyote_imprimir.pdf	3	0	459.31 KB	153.10 KB
mxb/item_6/mxb-Himno-Nacional_pasta.pdf	3	0	45.21 KB	15.07 KB
mxb/item_8/mxb-Leamos-en-mixteco-libro7.pdf	3	0	667.53 KB	222.51 KB
mxb/item_8/mxb-Leamos-en-mixteco-libro7_imprimir....	3	0	479.38 KB	159.79 KB
mxb/item_8/mxb-Leamos-en-mixteco-libro7_pasta.pdf	3	0	200.75 KB	66.92 KB
mxb/item_9/mxb-Raton-Campo-Ciudad_imprimir.pdf	3	0	729.73 KB	243.24 KB
mxb/item_9/mxb-Raton-Campo-Ciudad_pasta.pdf	3	0	85.14 KB	28.38 KB
nch/item_3/nch-Cuentos-en-nahuatl-de-la-huasteca-...	3	0	5.73 MB	1.91 MB
nch/item_4/nch-Hablamos-nahuatl-y-espanol.pdf	3	0	6.56 MB	2.19 MB
nhe/item_3/nhe-Hamblamos-nahuatl-espanol.pdf	3	0	6.11 MB	2.04 MB
nhm/item_10/nhm-El-burro-perezoso.pdf	3	0	900.86 KB	300.29 KB
nhm/item_10/nhm-El-burro-perezoso_imprimir.pdf	3	0	826.97 KB	275.66 KB
nhm/item_10/nhm-El-burro-perezoso_pasta.pdf	3	0	67.98 KB	22.66 KB
nhm/item_12/nhm-El-pajaro-inteligente_imprimir.pd...	3	0	778.59 KB	259.53 KB
nhm/item_14/nhm-El-murcielago_imprimir.pdf	3	0	623.26 KB	207.75 KB
nhm/item_15/nhm-Pequeno-diccionario-ilistrado_imp...	3	0	3.77 MB	1.26 MB
nhm/item_16/nhm-Aprendamos-a-leer-tz_imprimir.pdf	3	0	274.87 KB	91.62 KB
nhm/item_20/nhm-Aprendamos-a-leer-j.pdf	3	0	324.98 KB	108.33 KB
nhm/item_20/nhm-Aprendamos-a-leer-j_imprimir.pdf	3	0	312.91 KB	104.30 KB
nhm/item_21/nhm-artesanias-concha-de-abulon.pdf	3	0	1.42 MB	485.41 KB
nhm/item_21/nhm-artesanias-concha-de-abulon_impri...	3	0	2.89 MB	987.34 KB
nhm/item_21/nhm-artesanias-concha-de-abulon_pasta...	3	0	411.00 KB	137.00 KB
nhm/item_22/nhm-Pepito-3a-edicion.pdf	3	0	342.87 KB	114.29 KB
nhm/item_22/nhm-Pepito-3a-edicion_imprimir.pdf	3	0	256.16 KB	85.39 KB
nhm/item_22/nhm-Pepito-3a-edicion_pasta.pdf	3	0	339.31 KB	113.10 KB
nhm/item_7/nhm-Mi-hipo.pdf	3	0	447.75 KB	149.25 KB
nhm/item_7/nhm-Mi-hipo_imprimir.pdf	3	0	398.14 KB	132.71 KB
nhm/item_8/nhm-Donde-creci.pdf	3	0	1.24 MB	422.49 KB
nhm/item_9/nhm-El-barco.pdf	3	0	590.13 KB	196.71 KB
nhm/item_9/nhm-El-barco_imprimir.pdf	3	0	522.40 KB	174.13 KB
nhm/item_9/nhm-El-barco_pasta.pdf	3	0	61.83 KB	20.61 KB
nhw/item_3/nhw-cartilla_imprimir.pdf	3	0	9.15 MB	3.05 MB
nhxM/item_6/nhx-Atzacuica-Atrapado.pdf	3	0	696.17 KB	232.06 KB
nhxT/item_4/nhxT-Origen-Maiz_imprimir.pdf	3	0	563.45 KB	187.82 KB
nlv/item_2/nlv-Orthografia.pdf	3	0	417.65 KB	139.22 KB
ote/item_1/ote_diccionario_ed2.pdf	3	0	23.26 MB	7.75 MB
pls/item_1/pls-Aprendiendo-leer-el-popoloca.pdf	3	0	1.47 MB	500.91 KB
pls/item_1/pls-Aprendiendo-leer-el-popoloca_impri...	3	0	1.36 MB	464.81 KB
pls/item_1/pls-Aprendiendo-leer-el-popoloca_pasta...	3	0	73.17 KB	24.39 KB
pls/item_2/pls-Las-semillas-descontentas_imprimir...	3	0	289.76 KB	96.59 KB
pls/item_6/pls-Cuento-de-un-conejo.pdf	3	0	399.97 KB	133.32 KB
pls/item_6/pls-Cuento-de-un-conejo_imprimir.pdf	3	0	340.12 KB	113.37 KB
poe/item_2/poe-Vamos-leer-en-popoloca-tomo2.pdf	3	0	1.40 MB	478.87 KB
poe/item_2/poe-Vamos-leer-en-popoloca-tomo2_impri...	3	0	953.33 KB	317.78 KB
poe/item_2/poe-Vamos-leer-en-popoloca-tomo2_pasta...	3	0	60.42 KB	20.14 KB
sei/item_10/sei-Anecdotas-acerca.pdf	3	2	12.93 MB	2.59 MB
sei/item_3/sei_diccionario_ed2.pdf	3	0	73.50 MB	24.50 MB
sei/item_4/sei_Doce_Moluscos.pdf	3	2	9.82 MB	1.96 MB
sei/item_5/sei-Que-tipo-de-ave-soy_imprimir.pdf	3	0	2.03 MB	694.42 KB
sei/item_8/sei-leyendas-comcaac.pdf	3	0	6.61 MB	2.20 MB
sei/item_9/sei-peces.pdf	3	0	16.09 MB	5.36 MB
sei/item_9/sei-peces_imprimir.pdf	3	0	16.04 MB	5.35 MB
stp/item_4/stp_Reduplicacion_Acento.pdf	3	0	2.14 MB	729.48 KB
tee/item_4/tee-El-nino-trueno.pdf	3	0	1.56 MB	531.06 KB
tee/item_4/tee-El-nino-trueno_imprimir.pdf	3	0	1.51 MB	514.56 KB
tee/item_4/tee-El-nino-trueno_pasta.pdf	3	0	39.48 KB	13.16 KB
top/item_1/top_diccionario_vocabulario.pdf	3	0	40.96 MB	13.65 MB
tos/item_1/tos_vocab_ed2.pdf	3	0	28.54 MB	9.51 MB
tpp/item_12/tpp-seis-cuentos.pdf	3	0	1.89 MB	644.59 KB
tpp/item_4/tpp-Hombre-Sini.pdf	3	0	944.11 KB	314.70 KB
tpt/item_1/tpt-Leamos-Tepehua_imprimir.pdf	3	0	3.74 MB	1.25 MB
tpt/item_1/tpt-Leamos-Tepehua_pasta.pdf	3	0	60.64 KB	20.21 KB
tpt/item_2/tpt-vocabulario-ilustrado_imprimir.pdf	3	0	7.47 MB	2.49 MB
tpt/item_2/tpt-vocabulario-ilustrado_pasta.pdf	3	0	202.10 KB	67.37 KB
trc/item_1/G034_malacate_trc.pdf	3	0	993.74 KB	331.25 KB
trc/item_3/trc-Animal-Cola.pdf	3	0	464.17 KB	154.72 KB
trc/item_5/trc_gramatica.pdf	3	0	15.13 MB	5.04 MB
trs/item_1/trs_diccionario.pdf	3	0	16.37 MB	5.46 MB
tsz/item_1/tsz_vocabulario_ed2.pdf	3	0	1.09 MB	373.62 KB
tzoH/item_1/tzo_Huixtan_dictionary.pdf	3	1	6.92 MB	1.73 MB
vmm/item_1/vmm_alfabeto.pdf	3	0	408.13 KB	136.04 KB
vmy/item_7/vmy-cuando-no-doctores.pdf	3	1	310.01 KB	77.50 KB
vmz/item_1/vmz_Bichos.pdf	3	0	11.40 MB	3.80 MB
xta/item_1/xta_diccionario.pdf	3	0	12.21 MB	4.07 MB
xti/item_4/xti-coyote-tlacuache.pdf	3	0	5.18 MB	1.73 MB
xti/item_4/xti-coyote-tlacuache_imprimir.pdf	3	0	6.46 MB	2.15 MB
xti/item_4/xti-coyote-tlacuache_pasta.pdf	3	0	1.92 MB	656.71 KB
xtm/item_1/xtm-Busca-Gato.pdf	3	0	6.12 MB	2.04 MB
xtm/item_12/xtm-Tres-Cuentos_imprimir.pdf	3	0	1.43 MB	488.39 KB
xtm/item_4/xtm-Cuento-nino-y-un-leon_imprimir.pdf	3	0	5.27 MB	1.76 MB
xtm/item_4/xtm-Cuento-nino-y-un-leon_pasta.pdf	3	0	166.23 KB	55.41 KB
xtm/item_6/xtm_diccionario_penasco.pdf	3	0	31.90 MB	10.63 MB
xtm/item_8/xtm_DichosCreencias.pdf	3	0	631.48 KB	210.49 KB
xtn/item_2/xtn_Como_escribimos_vol_2.pdf	3	0	5.11 MB	1.70 MB
xtn/item_4/xtn-Juguemos.pdf	3	0	2.30 MB	785.72 KB
xtn/item_5/xtn-tresOvejitas.pdf	3	0	1.16 MB	397.26 KB
zab/item_11/zab-pisca-milpa_imprimir.pdf	3	0	407.56 KB	135.85 KB
zab/item_4/zab-Busca-gato.pdf	3	0	1.84 MB	627.38 KB
zab/item_4/zab-Busca-gato_imprimir.pdf	3	0	1.48 MB	504.62 KB
zab/item_4/zab-Busca-gato_pasta.pdf	3	0	1.33 MB	454.12 KB
zab/item_5/zab-contar_imprimir.pdf	3	0	951.45 KB	317.15 KB
zab/item_5/zab-contar_pasta.pdf	3	0	41.80 KB	13.93 KB
zab/item_6/zab-dicc-ilustrado_pasta.pdf	3	0	163.23 KB	54.41 KB
zab/item_7/zab-aprendiendo-letras.pdf	3	0	705.99 KB	235.33 KB
zab/item_7/zab-aprendiendo-letras_imprimir.pdf	3	0	736.62 KB	245.54 KB
zab/item_7/zab-aprendiendo-letras_pasta.pdf	3	0	678.22 KB	226.07 KB
zad/item_11/zad-La-memela-gorda_imprimir.pdf	3	0	773.07 KB	257.69 KB
zad/item_11/zad-La-memela-gorda_pasta.pdf	3	0	122.61 KB	40.87 KB
zad/item_20/zad-Ninos-canten-conmigo_imprimir.pdf	3	0	1.18 MB	401.13 KB
zad/item_29/zad-Adivinanzas.pdf	3	0	1.73 MB	589.84 KB
zad/item_29/zad-Adivinanzas_imprimir.pdf	3	0	1.78 MB	606.39 KB
zad/item_29/zad-Adivinanzas_pasta.pdf	3	0	181.98 KB	60.66 KB
zad/item_30/zad-Alfabeto-Yaganiza_imprimir.pdf	3	0	4.75 MB	1.58 MB
zad/item_30/zad-Alfabeto-Yaganiza_pasta.pdf	3	0	90.73 KB	30.24 KB
zad/item_31/zad-Vamos-conocer-mundo_imprimir.pdf	3	0	13.60 MB	4.53 MB
zad/item_32/zad-Busca-gato_imprimir.pdf	3	0	1.20 MB	409.26 KB
zad/item_5/zad-Mi-peque%C3%B1o-diccionario-ilustr...	3	0	519.55 KB	173.18 KB
zad/item_5/zad-Mi-peque%C3%B1o-diccionario-ilustr...	3	0	612.49 MB	204.16 MB
zae/item_1/zae-abrigo-palma.pdf	3	0	1.86 MB	634.37 KB
zae/item_1/zae-abrigo-palma_imprimir.pdf	3	0	1.75 MB	597.80 KB
zae/item_1/zae-abrigo-palma_pasta.pdf	3	0	158.88 KB	52.96 KB
zae/item_2/zae-alfabeto_imprimir.pdf	3	0	1.31 MB	447.55 KB
zae/item_23/zae-verbos-cuerpo_imprimir.pdf	3	0	3.95 MB	1.32 MB
zae/item_9/zae-canoa-hundido.pdf	3	0	980.25 KB	326.75 KB
zai/item_1/zai-arboles-de-Juchitan_imprimir.pdf	3	0	5.66 MB	1.89 MB
zai/item_1/zai-arboles-de-Juchitan_pasta.pdf	3	0	685.81 KB	228.60 KB
zai/item_2/zai_gramatica_ed2.pdf	3	0	22.02 MB	7.34 MB
zaq/item_3/zaq-ca-colori.pdf	3	0	807.78 KB	269.26 KB
zaq/item_4/zaq-Contraste-de-vocales.pdf	3	0	195.61 KB	65.20 KB
zas/item_1/zas-animales-pueblo.pdf	3	0	405.56 KB	135.19 KB
zas/item_1/zas-animales-pueblo_imprimir.pdf	3	0	410.11 KB	136.70 KB
zas/item_1/zas-animales-pueblo_pasta.pdf	3	0	43.33 KB	14.44 KB
zas/item_14/zas-escribir-algunas-letras_pasta.pdf	3	0	40.48 KB	13.49 KB
zas/item_2/zas-coyote-hizo-castillo.pdf	3	0	742.63 KB	247.54 KB
zas/item_2/zas-coyote-hizo-castillo_imprimir.pdf	3	0	739.86 KB	246.62 KB
zas/item_9/zas-coyote-queso.pdf	3	0	198.42 KB	66.14 KB
zaw/item_1/zaw-aprendiendo-leer-escribir.pdf	3	0	2.07 MB	707.87 KB
zca/item_15/zca-el-leon-raton.pdf	3	0	1.26 MB	429.90 KB
zca/item_15/zca-el-leon-raton_imprimir.pdf	3	0	1.35 MB	459.34 KB
zca/item_15/zca-el-leon-raton_pasta.pdf	3	0	1.74 MB	592.32 KB
zca/item_16/zca-leon-tlacuache.pdf	3	0	778.70 KB	259.57 KB
zca/item_18/zca-juguemos-trabalenguas-adivinanzas...	3	0	2.19 MB	746.80 KB
zca/item_20/zca-Laberintos.pdf	3	0	645.23 KB	215.08 KB
zca/item_6/zca-crucigramas-sopas-letras.pdf	3	0	3.03 MB	1.01 MB
zca/item_6/zca-crucigramas-sopas-letras_imprimir....	3	0	4.79 MB	1.60 MB
zca/item_6/zca-crucigramas-sopas-letras_pasta.pdf	3	0	1.84 MB	626.82 KB
zca/item_7/zca-de-quien-esta-cola_pasta.pdf	3	0	1.10 MB	375.81 KB
zpf/item_11/zpf-hizo-iguana-fiesta_imprimir.pdf	3	0	15.98 MB	5.33 MB
zpf/item_11/zpf-hizo-iguana-fiesta_pasta.pdf	3	0	1.45 MB	495.82 KB
zpf/item_11/zpf_fiesta.pdf	3	0	17.43 MB	5.81 MB
zpf/item_12/zpf-gallina-encontro-maiz.pdf	3	0	4.95 MB	1.65 MB
zpf/item_16/zpf-benito-juarez_pasta.pdf	3	0	713.37 KB	237.79 KB
zpf/item_17/zpf-cuento-leon_imprimir.pdf	3	0	4.48 MB	1.49 MB
zpf/item_17/zpf-cuento-leon_pasta.pdf	3	0	695.95 KB	231.98 KB
zpf/item_18/zpf-hombre-luna_imprimir.pdf	3	0	4.17 MB	1.39 MB
zpf/item_2/zpf-burro-envidia-puerco_pasta.pdf	3	0	185.76 KB	61.92 KB
zpf/item_20/zpf-cuento-mulo.pdf	3	0	3.64 MB	1.21 MB
zpf/item_22/zpf-nina-floja.pdf	3	0	4.66 MB	1.55 MB
zpf/item_25/zpf_Pedro.pdf	3	0	2.86 MB	975.04 KB
zpf/item_26/zpf-mentiroso-vende-mecate_imprimir.p...	3	0	3.04 MB	1.01 MB
zpf/item_3/zpf-quien-chiflando_imprimir.pdf	3	0	6.61 MB	2.20 MB
zpf/item_3/zpf-quien-chiflando_pasta.pdf	3	0	1.01 MB	344.66 KB
zpf/item_4/zpf-quien-esta-cola.pdf	3	0	3.84 MB	1.28 MB
zpf/item_4/zpf-quien-esta-cola_pasta.pdf	3	0	466.46 KB	155.49 KB
zpf/item_8/zpf-crucigramas-sopas-letras_pasta.pdf	3	0	689.67 KB	229.89 KB
zpf/item_9/zpf-diccionario-ilustrado_imprimir.pdf	3	0	24.29 MB	8.10 MB
zpf/item_9/zpf_diccionario.pdf	3	0	24.57 MB	8.19 MB
zpg/item_4/zpg-contemos-animalitos-numeros.pdf	3	0	604.08 KB	201.36 KB
zpg/item_4/zpg-contemos-animalitos-numeros_imprim...	3	0	1.94 MB	663.42 KB
zpg/item_4/zpg-contemos-animalitos-numeros_pasta....	3	0	1.19 MB	405.74 KB
zpg/item_6/zpg-pajaro-pelon_imprimir.pdf	3	0	1.93 MB	657.47 KB
zpg/item_6/zpg-pajaro-pelon_pasta.pdf	3	0	547.60 KB	182.53 KB
zpi/item_10/zpi-quieg-alfabeto.pdf	3	0	1.73 MB	590.28 KB
zpi/item_11/zpi-nina-murio-perro.pdf	3	0	733.43 KB	244.48 KB
zpi/item_14/zpi-trabalenguas.pdf	3	0	1.02 MB	348.16 KB
zpi/item_14/zpi-trabalenguas_imprimir.pdf	3	0	399.64 KB	133.21 KB
zpi/item_14/zpi-trabalenguas_pasta.pdf	3	0	304.00 KB	101.33 KB
zpi/item_15/zpi-paso-tres-ninos.pdf	3	0	808.55 KB	269.52 KB
zpi/item_15/zpi-paso-tres-ninos_imprimir.pdf	3	0	742.08 KB	247.36 KB
zpi/item_15/zpi-paso-tres-ninos_pasta.pdf	3	0	70.94 KB	23.65 KB
zpi/item_16/zpi-tuza-asustada.pdf	3	0	941.44 KB	313.81 KB
zpi/item_16/zpi-tuza-asustada_imprimir.pdf	3	0	603.41 KB	201.14 KB
zpi/item_16/zpi-tuza-asustada_pasta.pdf	3	0	271.27 KB	90.42 KB
zpi/item_17/zpi-paso-un-pato_imprimir.pdf	3	0	902.16 KB	300.72 KB
zpi/item_17/zpi-paso-un-pato_pasta.pdf	3	0	356.95 KB	118.98 KB
zpi/item_5/zpi-historia-Lluvia.pdf	3	0	638.75 KB	212.92 KB
zpi/item_8/zpi-nino-camino-descalzo.pdf	3	0	1.37 MB	466.72 KB
zpl/item_19/zpl-palabras-con-II-instrucciones.pdf	3	0	103.19 KB	34.40 KB
zpl/item_19/zpl-palabras-con-II_imprimir.pdf	3	0	263.48 KB	87.83 KB
zpl/item_21/zpl-palabras-con-Z-instrucciones.pdf	3	0	103.19 KB	34.40 KB
zpl/item_21/zpl-palabras-con-Z_imprimir.pdf	3	0	268.56 KB	89.52 KB
zpl/item_3/zpl-animales-crias.pdf	3	0	1.24 MB	421.90 KB
zpl/item_3/zpl-animales-crias_imprimir.pdf	3	0	694.05 KB	231.35 KB
zpn/item_1/zpn-conejo-canasta.pdf	3	0	751.48 KB	250.49 KB
zpn/item_1/zpn-conejo-canasta_imprimir.pdf	3	0	613.11 KB	204.37 KB
zpo/item_8/zpo-numeros.pdf	3	1	3.66 MB	936.48 KB
zpv/item_1/zpv-adobe_imprimir.pdf	3	0	506.54 KB	168.85 KB
zpv/item_1/zpv-adobe_pasta.pdf	3	0	110.76 KB	36.92 KB
zpv/item_10/zpv-leer-escribir_pasta.pdf	3	0	158.97 KB	52.99 KB
zpv/item_11/zpv-mezcal.pdf	3	0	694.96 KB	231.65 KB
zpv/item_11/zpv-mezcal_pasta.pdf	3	0	116.79 KB	38.93 KB
zpv/item_2/zpv-arado_imprimir.pdf	3	0	409.31 KB	136.44 KB
zpv/item_2/zpv-arado_pasta.pdf	3	0	118.42 KB	39.47 KB
zpv/item_23/zpv-plantar-arbol_imprimir.pdf	3	0	455.37 KB	151.79 KB
zpv/item_23/zpv-plantar-arbol_pasta.pdf	3	0	94.92 KB	31.64 KB
zpv/item_24/zpv-tortilla_imprimir.pdf	3	0	524.28 KB	174.76 KB
zpv/item_25/zpv-bordado-vestido_pasta.pdf	3	0	109.98 KB	36.66 KB
zpv/item_26/zpv-dicc-ilustrado_imprimir.pdf	3	0	4.22 MB	1.41 MB
zpv/item_27/zpv-pajaro-sediento.pdf	3	0	903.99 KB	301.33 KB
zpv/item_27/zpv-pajaro-sediento_pasta.pdf	3	0	65.65 KB	21.88 KB
zpv/item_5/zpv-chocolate.pdf	3	0	582.48 KB	194.16 KB
zpv/item_5/zpv-chocolate_imprimir.pdf	3	0	493.65 KB	164.55 KB
zpv/item_7/zpv-quiero-contar_imprimir.pdf	3	0	1.10 MB	374.49 KB
zpv/item_8/zpv-dicc-ilustrado_imprimir.pdf	3	0	4.22 MB	1.41 MB
zpv/item_9/zpv-hilo-lana.pdf	3	0	814.23 KB	271.41 KB
zpv/item_9/zpv-hilo-lana_pasta.pdf	3	0	125.42 KB	41.81 KB
ztg/item_1/ztg-alfabeto-Ozolotepec_imprimir.pdf	3	0	5.63 MB	1.88 MB
ztg/item_11/ztg-conejo-inteligente_imprimir.pdf	3	0	3.13 MB	1.04 MB
ztg/item_12/ztg-cuento-rancho-comadre.pdf	3	0	5.01 MB	1.67 MB
ztg/item_18/El_puerco_y_el_burro_ztg.pdf	3	0	2.06 MB	703.66 KB
ztg/item_20/ztg-eres-tu-mi-mama.pdf	3	0	1.40 MB	479.13 KB
ztg/item_25/ztg-mujer-malgasto-dinero.pdf	3	0	650.74 KB	216.91 KB
ztg/item_25/ztg-mujer-malgasto-dinero_pasta.pdf	3	0	255.54 KB	85.18 KB
ztg/item_33/ztg-pequeno-dicc-ilustrado_imprimir.p...	3	0	34.34 MB	11.45 MB
ztg/item_33/ztg-pequeno-dicc-ilustrado_pasta.pdf	3	0	2.42 MB	827.69 KB
ztg/item_34/ztg-perro-bueno.pdf	3	0	3.30 MB	1.10 MB
ztg/item_34/ztg-perro-bueno_imprimir.pdf	3	0	6.15 MB	2.05 MB
ztg/item_35/ztg-puedes-contar.pdf	3	0	407.59 KB	135.86 KB
ztg/item_36/ztg-no-hay-comer_imprimir.pdf	3	0	6.91 MB	2.30 MB
ztg/item_36/ztg-no-hay-comer_pasta.pdf	3	0	4.28 MB	1.43 MB
ztg/item_42/ztg-varios-tipos-salsas_imprimir.pdf	3	0	19.45 MB	6.48 MB
ztg/item_47/ztg-asi-siembra.pdf	3	0	3.64 MB	1.21 MB
ztg/item_47/ztg-asi-siembra_imprimir.pdf	3	0	5.09 MB	1.70 MB
ztg/item_47/ztg-asi-siembra_pasta.pdf	3	0	2.49 MB	849.89 KB
ztg/item_48/ztg-comele-libro2.pdf	3	0	1.53 MB	522.40 KB
ztg/item_48/ztg-comele-libro2_imprimir.pdf	3	0	1.15 MB	393.18 KB
ztg/item_48/ztg-comele-libro2_pasta.pdf	3	0	509.73 KB	169.91 KB
ztg/item_49/ztg-libro-lectoescritura_imprimir.pdf	3	0	2.48 MB	844.91 KB
ztg/item_5/ztg-escribir-nuestro-idioma-libro3.pdf	3	0	1.72 MB	585.87 KB
ztg/item_5/ztg-escribir-nuestro-idioma-libro3_imp...	3	0	1.56 MB	532.72 KB
ztg/item_5/ztg-escribir-nuestro-idioma-libro3_pas...	3	0	510.46 KB	170.15 KB
ztg/item_6/ztg-como-elaboraba-comal-pasado.pdf	3	0	800.51 KB	266.84 KB
ztg/item_6/ztg-como-elaboraba-comal-pasado_imprim...	3	0	1.00 MB	342.18 KB
ztg/item_6/ztg-como-elaboraba-comal-pasado_pasta....	3	0	796.42 KB	265.47 KB
ztg/item_9/Diferentes_tipos_de_tortillas_que_come...	3	0	355.14 MB	118.38 MB
ztg/item_9/ztg-diferentes-tipos-tortillas-comemos...	3	0	20.73 MB	6.91 MB
zts/item_10/zts-que-paso-cuervo_imprimir.pdf	3	0	434.75 KB	144.92 KB
zts/item_10/zts-que-paso-cuervo_pasta.pdf	3	0	350.45 KB	116.82 KB
zts/item_12/zts-algunas-letras.pdf	3	0	3.05 MB	1.02 MB
zts/item_12/zts-algunas-letras_imprimir.pdf	3	0	4.36 MB	1.45 MB
zts/item_14/zts-cuando-iba-ahogar_imprimir.pdf	3	0	1.87 MB	639.98 KB
zts/item_14/zts-cuando-iba-ahogar_pasta.pdf	3	0	925.67 KB	308.56 KB
zts/item_15/zts-A-hasta-la-Z.pdf	3	0	6.67 MB	2.22 MB
zts/item_15/zts-A-hasta-la-Z_imprimir.pdf	3	0	8.25 MB	2.75 MB
zts/item_16/zts-adivinansas.pdf	3	0	381.46 KB	127.15 KB
zts/item_17/zts-adivinansas.pdf	3	0	381.46 KB	127.15 KB
zts/item_17/zts-Agua-da-vida2014.pdf	3	0	1.16 MB	397.45 KB
zts/item_18/zts-Agua-da-vida2016.pdf	3	0	3.36 MB	1.12 MB
zts/item_2/zts-cuando-siembra_imprimir.pdf	3	0	1.22 MB	417.04 KB
zts/item_2/zts-cuando-siembra_pasta.pdf	3	0	554.27 KB	184.76 KB
zts/item_4/zts-perro-negro_pasta.pdf	3	0	428.15 KB	142.72 KB
zts/item_5/zts-juguemos-poco.pdf	3	0	253.61 KB	84.54 KB
zts/item_5/zts-juguemos-poco_imprimir.pdf	3	0	238.91 KB	79.64 KB
zts/item_6/zts-guajolata-perdida.pdf	3	0	876.45 KB	292.15 KB
zts/item_6/zts-guajolata-perdida_imprimir.pdf	3	0	1.47 MB	501.09 KB
zts/item_6/zts-guajolata-perdida_pasta.pdf	3	0	404.38 KB	134.79 KB
zts/item_7/zts-forma-habia-los-ninos_imprimir.pdf	3	0	1.01 MB	344.90 KB
zts/item_7/zts-forma-habia-los-ninos_pasta.pdf	3	0	225.57 KB	75.19 KB
amu/item_7/amu-tsiaan-na-machee-nacho-imprimir.pdf	2	0	1.40 MB	715.23 KB
cco/item_2/cco-burro-hamaca_imprimir.pdf	2	0	268.28 KB	134.14 KB
cco/item_3/cco-cuentos-relatos-chinantecos_pasta....	2	0	50.06 KB	25.03 KB
cco/item_4/cco_cuervo_tenia_sed_chinanteco_comalt...	2	0	627.90 KB	313.95 KB
cco/item_7/cco_leyendo_escribiendo_chinanteco_com...	2	0	2.06 MB	1.03 MB
chz/item_2/chz_Propuesta_convenciones_chinanteco_...	2	0	328.85 KB	164.42 KB
cok/item_13/cok-Correcaminos_imprimir.pdf	2	1	141.80 KB	47.27 KB
cok/item_13/cok_Correcaminos.pdf	2	1	370.84 KB	123.61 KB
cok/item_14/cok_queAnimal.pdf	2	0	215.70 KB	107.85 KB
cok/item_15/cok_venadoTortuga.pdf	2	0	506.96 KB	253.48 KB
crnN/item_1/crn_Tyaujfjve.pdf	2	0	3.95 MB	1.98 MB
ctl/item_2/ctl-Un-joven-cazador_imprimir.pdf	2	0	2.15 MB	1.08 MB
huv/item_2/huv_gramatica.pdf	2	0	13.68 MB	6.84 MB
jmxCON/item_12/conejo-cera-negra-jmx-con-pasta.pdf	2	0	5.71 MB	2.86 MB
jmxCON/item_15/jmx-animales-grandes-chicos_imprim...	2	0	1.94 MB	991.00 KB
jmxCON/item_17/Mixteco_Oeste_Juxtlahuaca_convenci...	2	0	231.55 KB	115.78 KB
jmxCON/item_19/jmx_2020_zorro_cuervo.pdf	2	0	3.81 MB	1.90 MB
jmxCON/item_22/jmx_2020_pastorcito_mentiroso.pdf	2	0	8.55 MB	4.27 MB
jmxCON/item_29/jmx_2020_Burro_Lindo.pdf	2	0	3.59 MB	1.80 MB
jmxCON/item_30/jmx-animales-grandes-y-chicos_past...	2	0	125.31 KB	62.66 KB
jmxCON/item_30/jmx_2020_Animales_grandes_y_chicos...	2	0	2.05 MB	1.03 MB
jmxCON/item_31/jmx-pollito-gallo_pasta.pdf	2	0	203.80 KB	101.90 KB
jmxSMP/item_1/jmx-SMP-animales-grandes-chicos.pdf	2	0	5.51 MB	2.75 MB
jmxSMP/item_7/jmx-SMP-del-maiz-a-la-tortilla.pdf	2	0	3.94 MB	1.97 MB
jmxSMP/item_8/jmx-SMP-verbos.pdf	2	0	2.65 MB	1.32 MB
jmxSMP/item_8/verbos-jmx-smp-con-pasta.pdf	2	0	4.02 MB	2.01 MB
maaE/item_1/maa-Contar_imprimir.pdf	2	0	1.48 MB	758.27 KB
maaE/item_2/maa-CuidarCuerpo_imprimir.pdf	2	0	1.00 MB	513.30 KB
maaE/item_5/maa-kotjin-letra-maachjeen.pdf	2	0	8.97 MB	4.48 MB
maaE/item_7/maa-nanda-tijna-nana_imprimir.pdf	2	0	496.12 KB	248.06 KB
maaSJ/item_10/maa-quien-mama-SJ-con-pasta.pdf	2	0	357.91 KB	178.95 KB
maaSJ/item_12/maa-vaca-perro_pasta.pdf	2	0	78.24 KB	39.12 KB
maaSJ/item_12/maa_vaca_pero.pdf	2	0	280.46 KB	140.23 KB
maaSJ/item_13/maa-Vamos-a-contar.pdf	2	1	848.21 KB	282.74 KB
maaSJ/item_3/maa-dicc-illustrado-san-jeronimo.pdf	2	0	5.91 MB	2.96 MB
maaSJ/item_3/maa-dicc-illustrado-san-jeronimo_pas...	2	0	403.32 KB	201.66 KB
maaSJ/item_3/maa_diccionarioillustrado_san_jeroni...	2	0	6.50 MB	3.25 MB
maaSJ/item_7/maa-Palabras-semejantes.pdf	2	0	2.47 MB	1.24 MB
maaSJ/item_9/maa-Que-esta-haciendo_imprimir.pdf	2	0	1.04 MB	531.80 KB
maz/item_1/maz-read-mazahua_pasta.pdf	2	0	69.10 KB	34.55 KB
mbz/item_1/mbz_conejo.pdf	2	0	429.88 KB	214.94 KB
mbz/item_10/mbz_quieroHermano.pdf	2	0	2.41 MB	1.21 MB
mbz/item_12/mbzl_tlacuacheCoyote.pdf	2	0	1.07 MB	549.39 KB
mbz/item_3/mbz_DiccIlust.pdf	2	0	3.79 MB	1.90 MB
meh/item_1/meh-animal-pata.pdf	2	0	2.09 MB	1.05 MB
meh/item_11/meh-gato_imprimir.pdf	2	0	5.68 MB	2.84 MB
meh/item_12/meh-gato-travieso.pdf	2	0	401.85 KB	200.93 KB
meh/item_12/meh_gato_travieso.pdf	2	0	565.70 KB	282.85 KB
meh/item_13/meh-hombre-animales-silvestres_imprim...	2	0	655.48 KB	327.74 KB
meh/item_13/meh_hombre_animales_silvestres.pdf	2	0	552.18 KB	276.09 KB
meh/item_14/meh-hombre-iguana.pdf	2	0	172.18 KB	86.09 KB
meh/item_14/meh-hombre-iguana_pasta.pdf	2	0	29.16 KB	14.58 KB
meh/item_14/meh_hombre_iguana.pdf	2	0	1.12 MB	575.73 KB
meh/item_15/meh_hormigas_elefante.pdf	2	0	3.22 MB	1.61 MB
meh/item_17/meh-leamos-nombres-varias_imprimir.pd...	2	1	2.42 MB	824.59 KB
meh/item_2/meh-chetan_pasta.pdf	2	0	5.81 MB	2.91 MB
meh/item_27/meh-mejoremos-i-cortada.pdf	2	0	2.02 MB	1.01 MB
meh/item_27/meh-mejoremos-i-cortada_imprimir.pdf	2	0	2.43 MB	1.21 MB
meh/item_27/meh-mejoremos-i-cortada_pasta.pdf	2	0	218.80 KB	109.40 KB
meh/item_3/meh-chivo-huerfano-travieso_pasta.pdf	2	0	40.85 KB	20.42 KB
meh/item_31/meh-pato.pdf	2	0	778.79 KB	389.39 KB
meh/item_32/meh-perro-ladron.pdf	2	0	226.60 KB	113.30 KB
meh/item_34/meh-pollito.pdf	2	0	22.83 MB	11.41 MB
meh/item_34/meh-pollito_imprimir.pdf	2	0	1.00 MB	512.23 KB
meh/item_37/meh-volvamos-estudiar_imprimir.pdf	2	0	9.32 MB	4.66 MB
meh/item_37/meh-volvamos-estudiar_pasta.pdf	2	0	208.21 KB	104.11 KB
meh/item_4/meh-conejo-orejas-paradas.pdf	2	0	2.66 MB	1.33 MB
meh/item_7/meh-cuentos-anciano_imprimir.pdf	2	0	3.20 MB	1.60 MB
meh/item_7/meh-cuentos-anciano_pasta.pdf	2	0	483.97 KB	241.98 KB
mimALA/item_2/mim_contarLeer.txt	2	0	212 Bytes	106 Bytes
mimALA/item_6/mim-leamos2018_pasta.pdf	2	0	907.69 KB	453.84 KB
mimALA/item_8/mim-vistazoGramatica_pasta.pdf	2	0	78.04 KB	39.02 KB
mimATL/item_1/mim-LeamosMixteco-Atlamajalcingo_pa...	2	0	1009.80 KB	504.90 KB
mix/item_16/mix-flojo.pdf	2	0	739.04 KB	369.52 KB
mix/item_17/mix-gallo-no-cantar.pdf	2	0	1.08 MB	550.85 KB
mix/item_20/mix-lee-hora.pdf	2	0	147.75 KB	73.87 KB
mix/item_21/mix-leyenda-campanas-mextepec.pdf	2	0	1.37 MB	703.28 KB
mix/item_22/mix-leyenda-dos-iglesias_pasta.pdf	2	0	123.29 KB	61.65 KB
mix/item_23/mix-leyenda-mujer-se-fue-otro-hombre....	2	0	5.08 MB	2.54 MB
mix/item_23/mix-leyenda-mujer-se-fue-otro-hombre_...	2	0	4.46 MB	2.23 MB
mix/item_23/mix-leyenda-mujer-se-fue-otro-hombre_...	2	0	750.41 KB	375.20 KB
mix/item_24/mix-leyenda-sabino.pdf	2	0	1.91 MB	975.43 KB
mix/item_24/mix-leyenda-sabino_pasta.pdf	2	0	829.26 KB	414.63 KB
mix/item_25/mix-leyendas-mixtepec.pdf	2	0	1.43 MB	734.43 KB
mix/item_25/mix-leyendas-mixtepec_imprimir.pdf	2	0	1.38 MB	704.44 KB
mix/item_28/mix-numeros-uno-cien-con-pasta.pdf	2	0	5.20 MB	2.60 MB
mix/item_29/mix-palabras-mixteco_imprimir.pdf	2	0	8.95 MB	4.47 MB
mix/item_29/mix-palabras-mixteco_pasta.pdf	2	0	1.03 MB	528.00 KB
mix/item_31/mix-perro-viejo_imprimir.pdf	2	0	655.25 KB	327.62 KB
mix/item_36/mix-tortilla-gorda.pdf	2	0	620.09 KB	310.04 KB
mix/item_36/mix-tortilla-gorda_pasta.pdf	2	0	92.76 KB	46.38 KB
mix/item_37/mix-tortolita-colibri.pdf	2	0	336.95 KB	168.48 KB
mix/item_38/mix-tortuga.pdf	2	0	549.90 KB	274.95 KB
mix/item_38/mix-tortuga_imprimir.pdf	2	0	498.14 KB	249.07 KB
mix/item_39/mix-trabajo_imprimir.pdf	2	0	2.18 MB	1.09 MB
mix/item_8/mix-cinco-burros-con-pasta.pdf	2	0	3.25 MB	1.62 MB
mxb/item_1/mxb-2019Leamos-en-Mixteco_imprimir.pdf	2	0	10.89 MB	5.44 MB
mxb/item_1/mxb-2019Leamos-en-Mixteco_pasta.pdf	2	0	1.69 MB	866.00 KB
mxb/item_3/mxb-Conejo-Zorrillo_imprimir.pdf	2	0	303.74 KB	151.87 KB
mxb/item_3/mxb-Conejo-Zorrillo_pasta.pdf	2	0	53.71 KB	26.85 KB
mxb/item_7/mxb-Leamos-en-mixteco-libro8_imprimir....	2	0	308.63 KB	154.32 KB
mxb/item_9/mxb-Raton-Campo-Ciudad.pdf	2	0	510.79 KB	255.40 KB
mza/item_3/mza-El-perro-que-no-llego_pasta.pdf	2	0	127.94 KB	63.97 KB
mza/item_5/mza-Lo-que-me-paso-cuando-era-nino_pas...	2	0	139.90 KB	69.95 KB
nch/item_1/nch-Cuaderno-de-trabajo_pasta.pdf	2	0	56.92 KB	28.46 KB
nch/item_3/nch-Cuentos-en-nahuatl-de-la-huasteca-...	2	0	56.20 KB	28.10 KB
nch/item_4/nch-Hablamos-nahuatl-y-espanol_imprimi...	2	0	4.28 MB	2.14 MB
ncl/item_1/ncl-Hijos-Abandonados_pasta.pdf	2	0	55.35 KB	27.68 KB
nhe/item_3/nhe-Hamblamos-nahuatl-espanol_imprimir...	2	0	3.94 MB	1.97 MB
nhg/item_1/G056_Prestamos_nhg.pdf	2	0	6.75 MB	3.37 MB
nhi/item_1/nhi-alfabeto-nahuatl.pdf	2	0	187.89 KB	93.94 KB
nhi/item_11/nhi-lencho_imprimir.pdf	2	0	144.23 KB	72.11 KB
nhi/item_12/nhi-maiz-inconforme.pdf	2	0	129.62 KB	64.81 KB
nhi/item_12/nhi-maiz-inconforme_pasta.pdf	2	0	48.48 KB	24.24 KB
nhi/item_13/nhi-pajara.pdf	2	0	343.95 KB	171.97 KB
nhi/item_14/nhi-pollito_pasta.pdf	2	0	43.87 KB	21.94 KB
nhi/item_15/nhi-pulgas-aventureros.pdf	2	0	328.56 KB	164.28 KB
nhi/item_16/nhi-sopa-letras.pdf	2	0	302.27 KB	151.13 KB
nhi/item_2/nhi-conejo.pdf	2	0	568.14 KB	284.07 KB
nhi/item_2/nhi-conejo_imprimir.pdf	2	0	480.16 KB	240.08 KB
nhi/item_3/nhi-conejo-coyote_imprimir.pdf	2	0	160.05 KB	80.02 KB
nhi/item_4/nhi-Peque%C3%B1o-dicc-ilustrado.pdf	2	0	3.69 MB	1.84 MB
nhi/item_5/nhi-dormilon_pasta.pdf	2	0	40.16 KB	20.08 KB
nhi/item_6/nhi_Fonologia.pdf	2	0	1.33 MB	681.90 KB
nhi/item_7/nhi_Grammar.pdf	2	0	1.90 MB	975.28 KB
nhi/item_9/nhi-In-barco_imprimir.pdf	2	0	325.73 KB	162.86 KB
nhm/item_13/nhm-La-vaca-y-el-perro.pdf	2	0	427.42 KB	213.71 KB
nhm/item_14/nhm-El-murcielago.pdf	2	0	451.48 KB	225.74 KB
nhm/item_15/nhm-Pequeno-diccionario-ilistrado_pas...	2	0	45.15 KB	22.58 KB
nhm/item_16/nhm-Aprendamos-a-leer-tz.pdf	2	0	188.61 KB	94.30 KB
nhm/item_17/nhm-Aprendamos-a-leer-ku_imprimir.pdf	2	0	190.75 KB	95.37 KB
nhm/item_18/nhm-Aprendamos-a-leer-tl.pdf	2	0	210.03 KB	105.01 KB
nhm/item_2/nhm-As-se-siembra.pdf	2	0	579.74 KB	289.87 KB
nhm/item_2/nhm-As-se-siembra_imprimir.pdf	2	0	581.09 KB	290.55 KB
nhm/item_3/nhm-Dos-chivos-necios_imprimir.pdf	2	0	936.71 KB	468.35 KB
nhm/item_4/nhm-La-alfareria-en-Cuentepec_pasta.pd...	2	0	152.89 KB	76.45 KB
nhm/item_5/La-gallina-triste_imprimir.pdf	2	0	1.15 MB	589.56 KB
nhm/item_5/La-gallina-triste_pasta.pdf	2	0	162.10 KB	81.05 KB
nhm/item_5/nhm-La-gallina-triste_pasta.pdf	2	0	162.10 KB	81.05 KB
nhm/item_6/nhm-becerro-huerfano_imprimir.pdf	2	0	388.36 KB	194.18 KB
nhw/item_1/nhw-Hablamos-nahuatl-y-espanol_pasta.p...	2	0	23.69 KB	11.84 KB
nhw/item_2/nhw-Cuentos_imprimir.pdf	2	0	3.02 MB	1.51 MB
nhw/item_3/nhw-cartilla_pasta.pdf	2	0	48.48 KB	24.24 KB
nhw/item_4/nhw-cuaderno-trabajo.pdf	2	0	4.02 MB	2.01 MB
nhw/item_4/nhw-cuaderno-trabajo_imprimir.pdf	2	0	3.99 MB	1.99 MB
nhw/item_4/nhw-cuaderno-trabajo_pasta.pdf	2	0	50.57 KB	25.28 KB
nhxM/item_4/nhx-Origen-Maiz.pdf	2	0	464.91 KB	232.46 KB
nhxM/item_4/nhx-Origen-Maiz_pasta.pdf	2	0	100.48 KB	50.24 KB
nhxM/item_5/nhx-Tadeo-Casarse_pasta.pdf	2	0	71.49 KB	35.75 KB
nhxM/item_6/nhx-Atzacuica-Atrapado_imprimir.pdf	2	0	816.61 KB	408.30 KB
nhxM/item_7/nhx_diccionario_ed2.pdf	2	0	4.12 MB	2.06 MB
nhxT/item_4/nhxT-Origen-Maiz_pasta.pdf	2	0	100.48 KB	50.24 KB
nhxT/item_5/nhxT-Tadeo-Casarse_imprimir.pdf	2	0	336.19 KB	168.10 KB
nhxT/item_5/nhxT-Tadeo-Casarse_pasta.pdf	2	0	71.49 KB	35.75 KB
nhxT/item_6/nhxT-Atzacuica-Atrapado_pasta.pdf	2	0	204.07 KB	102.04 KB
nlv/item_1/nlv-HFinal.pdf	2	0	2.01 MB	1.01 MB
otm/item_1/otm_Gramatica.pdf	2	0	2.59 MB	1.30 MB
pls/item_2/pls-Las-semillas-descontentas.pdf	2	0	230.94 KB	115.47 KB
pls/item_2/pls-Las-semillas-descontentas_pasta.pd...	2	0	29.38 KB	14.69 KB
pls/item_4/pls-El-alfabeto-del-popoloca.pdf	2	0	343.95 KB	171.98 KB
pls/item_4/pls-El-alfabeto-del-popoloca_imprimir....	2	0	300.71 KB	150.36 KB
pls/item_5/pls-El-burro-y-el-cochino_pasta.pdf	2	0	25.31 KB	12.66 KB
poe/item_1/poe-Vamos-leer-en-popoloca-tomo1_pasta...	2	0	45.01 KB	22.50 KB
poe/item_2/L143c_VamosLeer2_Leer_poe.pdf	2	0	957.75 KB	478.87 KB
poe/item_3/poe-Diccionario-ilustrado_pasta.pdf	2	0	78.42 KB	39.21 KB
poi/item_1/poi_diccionario.pdf	2	0	46.25 MB	23.13 MB
poi/item_3/poi-Hablemos-Popoluca_pasta.pdf	2	0	38.47 KB	19.24 KB
poi/item_4/poi-Lectoescritura.pdf	2	0	1.50 MB	767.18 KB
pps/item_1/pps-alfabeto-popoloca.pdf	2	0	15.74 MB	7.87 MB
pps/item_1/pps-alfabeto-popoloca_imprimir.pdf	2	0	2.08 MB	1.04 MB
pps/item_2/pps-Aprendamos-ngigua-coloreando.pdf	2	0	3.06 MB	1.53 MB
pps/item_2/pps-Aprendamos-ngigua-coloreando_pasta...	2	0	106.68 KB	53.34 KB
pps/item_3/pps-Diccionario_imprimir.pdf	2	0	2.09 MB	1.05 MB
pps/item_5/pps-Vamos-popoloca-tomo2_imprimir.pdf	2	0	998.36 KB	499.18 KB
sei/item_1/sei-Apuntes-basicos.pdf	2	0	7.85 MB	3.92 MB
sei/item_1/sei-Apuntes-basicos_imprimir.pdf	2	0	3.72 MB	1.86 MB
sei/item_1/sei-Apuntes-basicos_pasta.pdf	2	0	3.16 MB	1.58 MB
sei/item_1/sei_Apuntes_basicos.pdf	2	0	7.85 MB	3.92 MB
sei/item_5/sei-Que-tipo-de-ave-soy.pdf	2	0	1.49 MB	760.99 KB
sei/item_9/sei-peces_pasta.pdf	2	0	136.96 KB	68.48 KB
stp/item_2/stp_Dicc_ed1_ve.pdf	2	0	10.33 MB	5.16 MB
tac/item_1/tac-El-gigante-de-la-sierra.pdf	2	0	3.69 MB	1.85 MB
tee/item_2/tee-El-cuento-del-gato_imprimir.pdf	2	0	501.82 KB	250.91 KB
tee/item_3/tee-El-cuento-de-la-canoa.pdf	2	0	242.71 KB	121.36 KB
tee/item_3/tee-El-cuento-de-la-canoa_imprimir.pdf	2	0	195.11 KB	97.55 KB
tee/item_5/tee-Biog-algunos-tepehuas.pdf	2	0	961.33 KB	480.66 KB
tee/item_5/tee-Biog-algunos-tepehuas_imprimir.pdf	2	0	764.83 KB	382.42 KB
tee/item_5/tee-Biog-algunos-tepehuas_pasta.pdf	2	0	166.67 KB	83.34 KB
tee/item_5/tee-Biog.pdf	2	0	946.99 KB	473.49 KB
tee/item_5/tee-Biog_pasta.pdf	2	0	166.90 KB	83.45 KB
tpp/item_1/tpp-Vaca-Pobre_pasta.pdf	2	0	27.82 KB	13.91 KB
tpp/item_2/tpp-Tordo-Sed.pdf	2	0	319.82 KB	159.91 KB
tpp/item_2/tpp-Tordo-Sed_imprimir.pdf	2	0	293.79 KB	146.89 KB
tpp/item_3/tpp-Conejo-Cuernos.pdf	2	0	201.12 KB	100.56 KB
tpp/item_3/tpp-Conejo-Cuernos_pasta.pdf	2	0	118.22 KB	59.11 KB
tpp/item_4/tpp-Hombre-Sini_pasta.pdf	2	0	280.24 KB	140.12 KB
tpp/item_5/tpp-Mujer-Ciguena.pdf	2	0	525.60 KB	262.80 KB
tpp/item_5/tpp-Mujer-Ciguena_pasta.pdf	2	0	149.38 KB	74.69 KB
tpp/item_6/tpp-Borreguito-Inteligente_pasta.pdf	2	0	76.05 KB	38.03 KB
tpp/item_7/tpp-Conejo-Enganador.pdf	2	0	459.24 KB	229.62 KB
tpp/item_8/tpp-Alfabeto-Tepehua_pasta.pdf	2	0	66.07 KB	33.03 KB
tpx/item_1/tpx_2013_calendario.pdf	2	0	41.07 MB	20.54 MB
tqt/item_1/tqt-Una-vez-fui-rica.pdf	2	0	1019.71 KB	509.85 KB
trc/item_2/trc-Busca-Gato_pasta.pdf	2	0	156.04 KB	78.02 KB
trc/item_4/trc-Peque%C3%B1o-diccionario-ilustrado...	2	0	366.05 KB	183.02 KB
vmj/item_1/vmj-Kutuvayo.pdf	2	0	3.58 MB	1.79 MB
vmj/item_2/vmj-letratuun_imprimir.pdf	2	0	375.23 KB	187.61 KB
vmj/item_3/vmj-Sikiyo.pdf	2	0	457.68 KB	228.84 KB
vmj/item_4/vmj-Tututuun.pdf	2	0	5.17 MB	2.58 MB
vmj/item_4/vmj-Tututuun_imprimir.pdf	2	0	4.08 MB	2.04 MB
vmj/item_5/vmj-leer-mixteco-1.pdf	2	0	10.14 MB	5.07 MB
vmy/item_24/vmy-somos-ninos_pasta.pdf	2	0	54.64 KB	27.32 KB
vmy/item_8/vmy-cuento-conejo.pdf	2	0	578.30 KB	289.15 KB
vmy/item_8/vmy-cuento-conejo_imprimir.pdf	2	1	541.62 KB	180.54 KB
vmz/item_2/vmz_Limites_compadrazgo.pdf	2	0	814.02 KB	407.01 KB
xta/item_2/xta-gatoRaton_pasta.pdf	2	0	108.23 KB	54.12 KB
xti/item_1/xti-Alfabeto-Mixteco_imprimir.pdf	2	0	2.68 MB	1.34 MB
xtj/item_1/xtj-leon-zancudo.pdf	2	0	415.85 KB	207.93 KB
xtj/item_1/xtj-leon-zancudo_imprimir.pdf	2	0	319.63 KB	159.81 KB
xtj/item_1/xtj-leon-zancudo_pasta.pdf	2	0	95.08 KB	47.54 KB
xtm/item_1/xtm-Busca-Gato_imprimir.pdf	2	0	3.55 MB	1.78 MB
xtm/item_12/xtm-Tres-Cuentos.pdf	2	0	984.26 KB	492.13 KB
xtm/item_7/xtm-DichosAncianos.pdf	2	0	394.92 KB	197.46 KB
xtm/item_7/xtm-DichosAncianos_imprimir.pdf	2	0	393.99 KB	197.00 KB
xtn/item_4/xtn-Juguemos_pasta.pdf	2	0	151.74 KB	75.87 KB
xtn/item_5/xtn-tresOvejitas_imprimir.pdf	2	0	1.43 MB	732.99 KB
xtn/item_5/xtn-tresOvejitas_pasta.pdf	2	0	144.48 KB	72.24 KB
zab/item_1/zab-alfabeto-Guelav%C3%ADa.pdf	2	0	475.19 KB	237.59 KB
zab/item_1/zab-alfabeto-Guelav%C3%ADa_imprimir.pd...	2	0	435.62 KB	217.81 KB
zab/item_1/zab-alfabeto-Guelav%C3%ADa_pasta.pdf	2	0	36.72 KB	18.36 KB
zab/item_10/zab-palabras-Anciano.pdf	2	0	217.08 KB	108.54 KB
zab/item_10/zab-palabras-Anciano_imprimir.pdf	2	0	148.67 KB	74.34 KB
zab/item_11/zab-pisca-milpa_pasta.pdf	2	0	135.91 KB	67.95 KB
zab/item_2/zab-alfabeto-Zapoteco_imprimir.pdf	2	0	1.10 MB	563.82 KB
zab/item_2/zab-alfabeto-Zapoteco_pasta.pdf	2	0	276.04 KB	138.02 KB
zab/item_4/zab-Busca-gato_pasta.docx	2	0	739.27 KB	369.63 KB
zad/item_1/zad-Conejo-investigador.pdf	2	0	1.14 MB	583.72 KB
zad/item_1/zad-Conejo-investigador_imprimir.pdf	2	0	1.11 MB	569.30 KB
zad/item_10/zad-Hamaca.pdf	2	0	912.19 KB	456.10 KB
zad/item_10/zad-Hamaca_imprimir.pdf	2	0	849.82 KB	424.91 KB
zad/item_10/zad-Hamaca_pasta.pdf	2	0	86.03 KB	43.01 KB
zad/item_12/zad-Libr-wchopi-leameCuento.pdf	2	0	2.38 MB	1.19 MB
zad/item_12/zad-Libr-wchopi-leameCuento_imprimir....	2	0	2.30 MB	1.15 MB
zad/item_12/zad-Libr-wchopi-leameCuento_pasta.pdf	2	0	82.40 KB	41.20 KB
zad/item_14/zad-Leamos-palabras-con-l-suave_impri...	2	0	3.60 MB	1.80 MB
zad/item_15/zad-Leamos-palabras-con-sh.pdf	2	0	209.48 KB	104.74 KB
zad/item_17/zad-Leamos-palabras-con-x-suave.pdf	2	0	224.73 KB	112.37 KB
zad/item_17/zad-Leamos-palabras-con-x-suave_pasta...	2	0	16.19 KB	8.10 KB
zad/item_18/zad-Leomos-palabras-con-l-fuerte_past...	2	0	16.79 KB	8.40 KB
zad/item_19/zad-Mira-que-hace-la-gata_imprimir.pd...	2	0	899.80 KB	449.90 KB
zad/item_2/zad-Cuento-de-una-rana.pdf	2	0	199.18 KB	99.59 KB
zad/item_2/zad-Cuento-de-una-rana_imprimir.pdf	2	0	190.78 KB	95.39 KB
zad/item_21/zad-Pajaro-Pelon_imprimir.pdf	2	0	355.53 KB	177.76 KB
zad/item_21/zad-Pajaro-Pelon_pasta.pdf	2	0	57.69 KB	28.85 KB
zad/item_22/zad-Pollito-Tard%C3%B3.pdf	2	0	7.36 MB	3.68 MB
zad/item_23/zad-Quien-Cola_pasta.pdf	2	0	332.92 KB	166.46 KB
zad/item_24/zad-Quien-Pata.pdf	2	0	266.82 KB	133.41 KB
zad/item_24/zad-Quien-Pata_imprimir.pdf	2	0	239.87 KB	119.94 KB
zad/item_24/zad-Quien-Pata_pasta.pdf	2	0	42.88 KB	21.44 KB
zad/item_27/zad-Vaca-perro_imprimir.pdf	2	0	336.60 KB	168.30 KB
zad/item_27/zad-Vaca-perro_pasta.pdf	2	0	69.64 KB	34.82 KB
zad/item_28/zad_AbcFolleto.pdf	2	0	256.25 KB	128.13 KB
zad/item_3/zad-Cuentos-de-animales.pdf	2	0	3.34 MB	1.67 MB
zad/item_6/zad-Diez-burros.pdf	2	0	5.69 MB	2.84 MB
zad/item_6/zad-Diez-burros_imprimir.pdf	2	0	7.21 MB	3.61 MB
zad/item_6/zad-Diez-burros_pasta.pdf	2	0	163.38 KB	81.69 KB
zad/item_7/zad-Fundo-Yaganiza.pdf	2	0	1.92 MB	985.51 KB
zad/item_9/zad-Gusanos-Seda.pdf	2	0	862.32 KB	431.16 KB
zad/item_9/zad-Gusanos-Seda_pasta.pdf	2	0	82.30 KB	41.15 KB
zae/item_11/zae-conejo-temeroso_imprimir.pdf	2	0	223.49 KB	111.75 KB
zae/item_13/zae-Dicc-illustrado.pdf	2	0	3.91 MB	1.96 MB
zae/item_13/zae-Dicc-illustrado_imprimir.pdf	2	0	3.17 MB	1.59 MB
zae/item_14/zae-dos-chivos.pdf	2	0	154.79 KB	77.40 KB
zae/item_14/zae-dos-chivos_pasta.pdf	2	0	77.86 KB	38.93 KB
zae/item_16/zae-ingeniero.pdf	2	0	616.56 KB	308.28 KB
zae/item_17/zae-leamos-nuestro-idioma_imprimir.pd...	2	0	7.40 MB	3.70 MB
zae/item_18/zae-murcielago.pdf	2	0	342.20 KB	171.10 KB
zae/item_18/zae-murcielago_pasta.pdf	2	0	52.79 KB	26.39 KB
zae/item_18/zae_murcielago.pdf	2	0	342.20 KB	171.10 KB
zae/item_19/zae-leamos-numeros_imprimir.pdf	2	0	1.14 MB	585.66 KB
zae/item_21/zae-quien-soy.pdf	2	0	333.62 KB	166.81 KB
zae/item_21/zae-quien-soy_pasta.pdf	2	0	113.01 KB	56.50 KB
zae/item_22/zae-tres-changos.pdf	2	0	672.56 KB	336.28 KB
zae/item_22/zae-tres-changos_pasta.pdf	2	0	114.69 KB	57.34 KB
zae/item_23/zae-verbos-cuerpo.pdf	2	0	2.78 MB	1.39 MB
zae/item_23/zae-verbos-cuerpo_pasta.pdf	2	0	86.44 KB	43.22 KB
zae/item_5/zae-banderas_imprimir.pdf	2	0	491.53 KB	245.77 KB
zae/item_6/zae-burros-hambrientos_pasta.pdf	2	0	47.26 KB	23.63 KB
zae/item_8/zae-burru-perdido.pdf	2	0	404.12 KB	202.06 KB
zae/item_8/zae-burru-perdido_pasta.pdf	2	0	153.25 KB	76.62 KB
zae/item_9/zae_canoaHundido.pdf	2	0	761.90 KB	380.95 KB
zai/item_3/zai_vocabulario_ed5.2.pdf	2	0	24.77 MB	12.38 MB
zao/item_1/zao-alfabeto_imprimir.pdf	2	0	4.85 MB	2.42 MB
zao/item_1/zao-alfabeto_pasta.pdf	2	0	173.51 KB	86.75 KB
zaq/item_1/zaq-alfabeto-Alo%C3%A1pam.pdf	2	0	238.61 KB	119.30 KB
zaq/item_3/zaq-ca-colori_imprimir.pdf	2	0	539.91 KB	269.95 KB
zaq/item_5/zaq-leo-los-numeros_imprimir.pdf	2	0	379.59 KB	189.80 KB
zaq/item_5/zaq-leo-los-numeros_pasta.pdf	2	0	43.27 KB	21.63 KB
zaq/item_6/zaq_16900_Diccionario_ilustrado_07_025...	2	0	2.39 MB	1.20 MB
zas/item_11/zas-cuento-raton.pdf	2	0	430.47 KB	215.23 KB
zas/item_11/zas-cuento-raton_pasta.pdf	2	0	37.76 KB	18.88 KB
zas/item_12/zas-cuento-viejitos_pasta.pdf	2	0	140.10 KB	70.05 KB
zas/item_13/zas-gato-raton_imprimir.pdf	2	0	77.10 KB	38.55 KB
zas/item_14/zas-escribir-algunas-letras.pdf	2	0	1.13 MB	577.48 KB
zas/item_16/zas-nina-recibio-libro_imprimir.pdf	2	0	79.53 KB	39.76 KB
zas/item_17/zas-cuento-perro.pdf	2	0	187.54 KB	93.77 KB
zas/item_18/zas-perro-bravo.pdf	2	0	88.11 KB	44.06 KB
zas/item_20/zas-coyote-tenate_imprimir.pdf	2	0	239.53 KB	119.76 KB
zas/item_5/zas-contar-animales_imprimir.pdf	2	0	282.20 KB	141.10 KB
zas/item_6/zas-contando-numeros_pasta.pdf	2	0	95.42 KB	47.71 KB
zas/item_7/zas-coyote-canasto.pdf	2	0	209.53 KB	104.76 KB
zaw/item_1/zaw-aprendiendo-leer-escribir_pasta.pd...	2	0	88.97 KB	44.49 KB
zaw/item_2/zaw-juan-el-carbonero_imprimir.pdf	2	0	654.32 KB	327.16 KB
zaw/item_3/zaw-de-Mitla-Alfabeto.pdf	2	0	4.37 MB	2.19 MB
zaw/item_4/zaw-el-tlacuache-compadre.pdf	2	0	818.07 KB	409.04 KB
zaw/item_4/zaw-el-tlacuache-compadre_imprimir.pdf	2	0	720.25 KB	360.12 KB
zca/item_1/zca-yo-s%C3%AD-puedo-contar.pdf	2	0	852.05 KB	426.03 KB
zca/item_1/zca-yo-s%C3%AD-puedo-contar_imprimir.p...	2	0	949.51 KB	474.75 KB
zca/item_11/zca-el-cuento-gallina.pdf	2	0	668.36 KB	334.18 KB
zca/item_12/zca-el-patito-buscaba-mama_pasta.pdf	2	0	834.79 KB	417.39 KB
zca/item_13/zca-el-hombre-serpiente_imprimir.pdf	2	0	1.05 MB	539.77 KB
zca/item_16/zca-leon-tlacuache_pasta.pdf	2	0	126.49 KB	63.25 KB
zca/item_17/zca-el-pajaro-pelon_imprimir.pdf	2	0	4.40 MB	2.20 MB
zca/item_17/zca-el-pajaro-pelon_pasta.pdf	2	0	1.59 MB	814.85 KB
zca/item_19/zca-diccionario-ilustrado.pdf	2	0	3.80 MB	1.90 MB
zca/item_19/zca-diccionario-ilustrado_imprimir.pd...	2	0	3.51 MB	1.75 MB
zca/item_2/zca-aprendamos-acerca-tamano.pdf	2	0	1.95 MB	997.16 KB
zca/item_2/zca-aprendamos-acerca-tamano_pasta.pdf	2	0	346.29 KB	173.15 KB
zca/item_20/zca-Laberintos_imprimir.pdf	2	0	429.27 KB	214.63 KB
zca/item_21/zca-la-garza-leon_pasta.pdf	2	0	955.62 KB	477.81 KB
zca/item_22/zca-la-luna.pdf	2	0	568.09 KB	284.04 KB
zca/item_22/zca-la-luna_imprimir.pdf	2	0	454.86 KB	227.43 KB
zca/item_24/zca-la-tortilla-gorda.pdf	2	0	5.56 MB	2.78 MB
zca/item_24/zca-la-tortilla-gorda_pasta.pdf	2	0	1.20 MB	614.17 KB
zca/item_26/zca-ratones-gato-negro.pdf	2	0	1.35 MB	692.91 KB
zca/item_26/zca-ratones-gato-negro_pasta.pdf	2	0	918.63 KB	459.31 KB
zca/item_27/zca-para-gente-coatecas-altas.pdf	2	0	628.88 KB	314.44 KB
zca/item_27/zca-para-gente-coatecas-altas_imprimi...	2	0	496.97 KB	248.48 KB
zca/item_27/zca-para-gente-coatecas-altas_pasta.p...	2	0	811.90 KB	405.95 KB
zca/item_28/zca-quiero-mucho_pasta.pdf	2	0	875.30 KB	437.65 KB
zca/item_30/zca-insectos-otros-animales_imprimir....	2	0	5.93 MB	2.96 MB
zca/item_30/zca-insectos-otros-animales_pasta.pdf	2	0	888.86 KB	444.43 KB
zca/item_4/zca-benito-juarez_imprimir.pdf	2	0	15.21 MB	7.61 MB
zca/item_5/zca-como-se-prepara-mole_imprimir.pdf	2	0	2.98 MB	1.49 MB
zca/item_5/zca-como-se-prepara-mole_pasta.pdf	2	0	814.34 KB	407.17 KB
zca/item_8/Donde_esta_el_gato_combo_zca.pdf	2	0	6.33 MB	3.16 MB
zca/item_8/zca-donde-esta-gato_pasta.pdf	2	0	742.65 KB	371.32 KB
zos/item_2/zos_gramsel.pdf	2	0	8.62 MB	4.31 MB
zpc/item_2/zpc-ConvOrth.pdf	2	0	232.75 KB	116.38 KB
zpc/item_3/zpc-pequeno-diccionario-ilustrado_impr...	2	0	4.19 MB	2.09 MB
zpc/item_3/zpc-pequeno-diccionario-ilustrado_past...	2	0	77.58 KB	38.79 KB
zpc/item_5/zpc-ninos-huerfanos.pdf	2	0	514.51 KB	257.25 KB
zpc/item_5/zpc-ninos-huerfanos_pasta.pdf	2	0	50.70 KB	25.35 KB
zpf/item_1/zpf-cuento-blanco-Negro.pdf	2	0	2.71 MB	1.36 MB
zpf/item_10/zpf-dicc-ilustrado-vol2.pdf	2	0	14.20 MB	7.10 MB
zpf/item_10/zpf-dicc-ilustrado-vol2_pasta.pdf	2	0	795.10 KB	397.55 KB
zpf/item_13/zpf-donde-gato_imprimir.pdf	2	0	4.16 MB	2.08 MB
zpf/item_15/zpf-cuento-hombre-mujer.pdf	2	0	2.28 MB	1.14 MB
zpf/item_15/zpf-cuento-hombre-mujer_pasta.pdf	2	0	246.82 KB	123.41 KB
zpf/item_18/zpf-hombre-luna.pdf	2	0	2.95 MB	1.48 MB
zpf/item_18/zpf-hombre-luna_pasta.pdf	2	0	448.12 KB	224.06 KB
zpf/item_2/zpf-burro-envidia-puerco_imprimir.pdf	2	0	1.85 MB	945.84 KB
zpf/item_23/zpf-pajaro-pelon_imprimir.pdf	2	0	3.52 MB	1.76 MB
zpf/item_24/zpf-qui%C3%A9n-esta-pata_pasta.pdf	2	0	105.32 KB	52.66 KB
zpf/item_25/zpf-mentiroso-vende-olla.pdf	2	0	1.90 MB	975.04 KB
zpf/item_25/zpf-mentiroso-vende-olla_imprimir.pdf	2	0	1.22 MB	626.88 KB
zpf/item_5/zpf-conejo-inteligente.pdf	2	0	4.61 MB	2.31 MB
zpf/item_6/zpf-conejo-venado.pdf	2	0	906.31 KB	453.15 KB
zpf/item_6/zpf-conejo-venado_pasta.pdf	2	0	134.32 KB	67.16 KB
zpf/item_7/zpf-puedo-contar_pasta.pdf	2	0	823.41 KB	411.71 KB
zpf/item_8/zpf-crucigramas-sopas-letras_imprimir....	2	0	5.77 MB	2.89 MB
zpf/item_9/zpf-diccionario-ilustrado_pasta.pdf	2	0	253.17 KB	126.58 KB
zpg/item_1/zpg-vamos-leer-cuentos-lecciones.pdf	2	0	4.17 MB	2.09 MB
zpg/item_2/zpg-alejandro-humboldt.pdf	2	0	1.66 MB	847.52 KB
zpg/item_2/zpg-alejandro-humboldt_imprimir.pdf	2	0	1.27 MB	649.22 KB
zpg/item_5/zpg-sapo-cueva-conejo_pasta.pdf	2	0	820.67 KB	410.34 KB
zpi/item_1/zpi-alfabeto-Zapoteco.pdf	2	0	764.86 KB	382.43 KB
zpi/item_17/zpi-paso-un-pato.pdf	2	0	764.73 KB	382.37 KB
zpi/item_18/zpi-hombre-balaceo-venado.pdf	2	0	425.67 KB	212.83 KB
zpi/item_18/zpi-hombre-balaceo-venado_imprimir.pd...	2	0	351.13 KB	175.57 KB
zpi/item_18/zpi-hombre-balaceo-venado_pasta.pdf	2	0	32.34 KB	16.17 KB
zpi/item_2/zpi-borrego-vendio-lana_imprimir.pdf	2	0	366.74 KB	183.37 KB
zpi/item_5/zpi-historia-Lluvia_pasta.pdf	2	0	100.52 KB	50.26 KB
zpi/item_9/zpi-paso-coyote.pdf	2	0	744.76 KB	372.38 KB
zpi/item_9/zpi-paso-coyote_imprimir.pdf	2	0	476.00 KB	238.00 KB
zpl/item_1/zpl-animal-tiene-cola_pasta.pdf	2	0	47.99 KB	23.99 KB
zpl/item_10/zpl-cielos-tierra.pdf	2	0	302.37 KB	151.19 KB
zpl/item_10/zpl-cielos-tierra_imprimir.pdf	2	0	305.54 KB	152.77 KB
zpl/item_10/zpl-cielos-tierra_pasta.pdf	2	0	59.87 KB	29.93 KB
zpl/item_11/zpl-colores_pasta.pdf	2	0	39.96 KB	19.98 KB
zpl/item_13/zpl-contar1-100_imprimir.pdf	2	0	1.51 MB	773.40 KB
zpl/item_14/zpl-puedo-contar-animales.pdf	2	0	255.46 KB	127.73 KB
zpl/item_14/zpl-puedo-contar-animales_imprimir.pd...	2	0	210.01 KB	105.00 KB
zpl/item_14/zpl-puedo-contar-animales_pasta.pdf	2	0	49.49 KB	24.74 KB
zpl/item_15/zpl-cuento-ratones.pdf	2	0	182.50 KB	91.25 KB
zpl/item_15/zpl-cuento-ratones_pasta.pdf	2	0	25.91 KB	12.95 KB
zpl/item_17/zpl-gente.pdf	2	0	267.55 KB	133.78 KB
zpl/item_17/zpl-gente_imprimir.pdf	2	0	269.68 KB	134.84 KB
zpl/item_17/zpl-gente_pasta.pdf	2	0	43.04 KB	21.52 KB
zpl/item_2/zpl-animales-campo_imprimir.pdf	2	0	427.42 KB	213.71 KB
zpl/item_23/zpl-quien-comiendo-alimentos_pasta.pd...	2	0	75.12 KB	37.56 KB
zpl/item_24/zpl-ropa.pdf	2	0	315.33 KB	157.67 KB
zpl/item_24/zpl-ropa_imprimir.pdf	2	0	318.22 KB	159.11 KB
zpl/item_24/zpl-ropa_pasta.pdf	2	0	53.23 KB	26.62 KB
zpl/item_25/zpl-tortolita-mentirosa_imprimir.pdf	2	0	171.48 KB	85.74 KB
zpl/item_25/zpl-tortolita-mentirosa_pasta.pdf	2	0	62.25 KB	31.12 KB
zpl/item_26/zpl-cuento-tres-mariposas.pdf	2	0	344.56 KB	172.28 KB
zpl/item_26/zpl-cuento-tres-mariposas_imprimir.pd...	2	0	342.10 KB	171.05 KB
zpl/item_26/zpl-cuento-tres-mariposas_pasta.pdf	2	0	155.77 KB	77.89 KB
zpl/item_27/zpl-busca-al-gato.pdf	2	0	1.78 MB	911.91 KB
zpl/item_27/zpl-busca-al-gato_pasta.pdf	2	0	75.06 KB	37.53 KB
zpl/item_29/zpl-libro-lectoescritura-cuentos_impr...	2	0	6.48 MB	3.24 MB
zpl/item_29/zpl-libro-lectoescritura-cuentos_past...	2	0	64.73 KB	32.37 KB
zpl/item_4/zpl-animales-domesticos_imprimir.pdf	2	0	330.12 KB	165.06 KB
zpl/item_6/zpl-animal-tiene-pata_pasta.pdf	2	0	41.31 KB	20.65 KB
zpl/item_7/zpl-aves.pdf	2	0	362.81 KB	181.41 KB
zpl/item_7/zpl-aves_imprimir.pdf	2	0	365.19 KB	182.59 KB
zpl/item_7/zpl-aves_pasta.pdf	2	0	64.20 KB	32.10 KB
zpl/item_8/AZeta_Leer_zpl.pdf	2	0	2.54 MB	1.27 MB
zpl/item_9/zpl-cabeza_pasta.pdf	2	0	37.06 KB	18.53 KB
zpn/item_1/zpn-conejo-canasta_pasta.pdf	2	0	88.73 KB	44.37 KB
zpo/item_8/zpo-numeros_pasta.pdf	2	0	127.76 KB	63.88 KB
zpt/item_1/zpt_colibri.pdf	2	0	294.75 KB	147.37 KB
zpt/item_3/zpt-fuerte_imprimir.pdf	2	0	210.45 KB	105.23 KB
zpt/item_5/zpt-Benito-Juarez.pdf	2	0	5.22 MB	2.61 MB
zpt/item_5/zpt-Benito-Juarez_imprimir.pdf	2	0	8.68 MB	4.34 MB
zpt/item_5/zpt-Benito-Juarez_pasta.pdf	2	0	682.47 KB	341.23 KB
zpt/item_6/zpt-leamos-Zapoteco_pasta.pdf	2	0	838.96 KB	419.48 KB
zpt/item_7/zpt-perro-ciego_pasta.pdf	2	0	18.38 KB	9.19 KB
zpt/item_8/zpt-nina-pollos.pdf	2	0	176.37 KB	88.19 KB
zpu/item_1/zpu-animales-criamos-pueblo_pasta.pdf	2	0	69.83 KB	34.91 KB
zpu/item_2/zpu-animales-silvestres.pdf	2	0	1.42 MB	726.06 KB
zpu/item_4/zpu-cuentos-populares.pdf	2	0	1.93 MB	988.05 KB
zpu/item_4/zpu-cuentos-populares_pasta.pdf	2	0	81.69 KB	40.84 KB
zpu/item_5/zpu-Yalalag-dicc-illustrado.pdf	2	0	2.49 MB	1.24 MB
zpu/item_5/zpu-Yalalag-dicc-illustrado_pasta.pdf	2	0	86.83 KB	43.42 KB
zpu/item_6/zpu-hamaca.pdf	2	0	400.80 KB	200.40 KB
zpu/item_6/zpu-hamaca_imprimir.pdf	2	0	382.91 KB	191.45 KB
zpu/item_7/zpu-insectos.pdf	2	0	866.94 KB	433.47 KB
zpu/item_8/zpu-vamos-leer-Yalalag.pdf	2	0	3.25 MB	1.63 MB
zpu/item_8/zpu-vamos-leer-Yalalag_pasta.pdf	2	0	109.38 KB	54.69 KB
zpv/item_12/zpv-MinilibroA_imprimir.pdf	2	0	161.75 KB	80.88 KB
zpv/item_13/zpv-MinilibroDz_instrucciones.pdf	2	0	68.79 KB	34.40 KB
zpv/item_15/zpv-MinilibroIcruz_imprimir.pdf	2	0	430.24 KB	215.12 KB
zpv/item_15/zpv-MinilibroIcruz_instrucciones.pdf	2	0	68.79 KB	34.40 KB
zpv/item_16/zpv-MinilibroI_instrucciones.pdf	2	0	68.79 KB	34.40 KB
zpv/item_18/zpv-MinilibroO_imprimir.pdf	2	0	289.70 KB	144.85 KB
zpv/item_19/zpv-MinilibroSZ_imprimir.pdf	2	0	253.76 KB	126.88 KB
zpv/item_2/zpv-arado.pdf	2	0	340.18 KB	170.09 KB
zpv/item_20/zpv-MinilibroTs_instrucciones.pdf	2	0	68.79 KB	34.40 KB
zpv/item_21/zpv-MinilibroU_imprimir.pdf	2	0	172.31 KB	86.15 KB
zpv/item_24/zpv-tortilla.pdf	2	0	431.60 KB	215.80 KB
zpv/item_26/zpv-dicc-ilustrado.pdf	2	0	3.08 MB	1.54 MB
zpv/item_26/zpv-dicc-ilustrado_pasta.pdf	2	0	188.43 KB	94.21 KB
zpv/item_3/zpv-barbacoa-borrego.pdf	2	0	383.41 KB	191.71 KB
zpv/item_4/zpv-busca-gato_pasta.pdf	2	0	78.94 KB	39.47 KB
zpv/item_6/zpv-construir-casa_pasta.pdf	2	0	107.26 KB	53.63 KB
zpv/item_8/zpv-dicc-ilustrado.pdf	2	0	3.08 MB	1.54 MB
ztg/item_1/ztg-alfabeto-Ozolotepec_pasta.pdf	2	0	537.85 KB	268.92 KB
ztg/item_10/ztg-senores-pensaron-bien_pasta.pdf	2	0	980.96 KB	490.48 KB
ztg/item_11/ztg-conejo-inteligente_pasta.pdf	2	0	177.76 KB	88.88 KB
ztg/item_12/ztg-cuento-rancho-comadre_pasta.pdf	2	0	1.61 MB	824.22 KB
ztg/item_13/ztg-el-gusano.pdf	2	0	1.73 MB	886.46 KB
ztg/item_13/ztg-el-gusano_imprimir.pdf	2	0	13.34 MB	6.67 MB
ztg/item_14/ztg-hombre-logro-viajar_imprimir.pdf	2	0	580.23 KB	290.12 KB
ztg/item_14/ztg-hombre-logro-viajar_pasta.pdf	2	0	153.70 KB	76.85 KB
ztg/item_15/ztg-marrano-consentido_pasta.pdf	2	0	295.36 KB	147.68 KB
ztg/item_16/ztg-nino-espero-muerte.pdf	2	0	458.41 KB	229.21 KB
ztg/item_16/ztg-nino-espero-muerte_pasta.pdf	2	0	89.04 KB	44.52 KB
ztg/item_18/ztg-puerco-y-burro.pdf	2	0	854.93 KB	427.46 KB
ztg/item_19/ztg-senor-que-sono.pdf	2	0	1.27 MB	649.43 KB
ztg/item_2/ztg-alimentos-comen-otros-lugares.pdf	2	0	6.07 MB	3.04 MB
ztg/item_2/ztg-alimentos-comen-otros-lugares_impr...	2	0	5.54 MB	2.77 MB
ztg/item_2/ztg-alimentos-comen-otros-lugares_past...	2	0	537.85 KB	268.92 KB
ztg/item_20/ztg-eres-tu-mi-mama_imprimir.pdf	2	0	1.14 MB	585.26 KB
ztg/item_21/ztg-grano-de-maiz.pdf	2	0	1.07 MB	547.38 KB
ztg/item_21/ztg-grano-de-maiz_imprimir.pdf	2	0	2.77 MB	1.38 MB
ztg/item_22/ztg-hombre-flojo_imprimir.pdf	2	0	4.47 MB	2.24 MB
ztg/item_23/ztg-cuento-acerca-pueblos.pdf	2	0	351.88 KB	175.94 KB
ztg/item_23/ztg-cuento-acerca-pueblos_imprimir.pd...	2	0	351.13 KB	175.57 KB
ztg/item_23/ztg-cuento-acerca-pueblos_pasta.pdf	2	0	55.55 KB	27.78 KB
ztg/item_24/ztg-la-hamaca.pdf	2	0	3.65 MB	1.82 MB
ztg/item_25/ztg-mujer-malgasto-dinero_imprimir.pd...	2	0	671.15 KB	335.57 KB
ztg/item_26/ztg-senora-tuvo-antojo-miel.pdf	2	0	298.78 KB	149.39 KB
ztg/item_26/ztg-senora-tuvo-antojo-miel_imprimir....	2	0	212.99 KB	106.50 KB
ztg/item_28/ztg-paso-nino-obedecio_imprimir.pdf	2	0	1.57 MB	802.17 KB
ztg/item_28/ztg-paso-nino-obedecio_pasta.pdf	2	0	302.49 KB	151.24 KB
ztg/item_34/ztg-perro-bueno_pasta.pdf	2	0	1.96 MB	1005.24 KB
ztg/item_35/ztg-puedes-contar_imprimir.pdf	2	0	225.23 KB	112.62 KB
ztg/item_36/ztg-no-hay-comer.pdf	2	0	1.95 MB	999.13 KB
ztg/item_38/ztg-armadillo-conejo.pdf	2	0	808.72 KB	404.36 KB
ztg/item_4/ztg-puedes-encontrar-gato_pasta.pdf	2	0	216.37 KB	108.18 KB
ztg/item_41/ztg-verbos-libro2_imprimir.pdf	2	0	6.78 MB	3.39 MB
ztg/item_41/ztg-verbos-libro2_pasta.pdf	2	0	3.26 MB	1.63 MB
ztg/item_42/ztg-varios-tipos-salsas.pdf	2	0	8.75 MB	4.38 MB
ztg/item_43/ztg-zorro-cangrejo_pasta.pdf	2	0	39.89 KB	19.94 KB
ztg/item_44/ztg-3-historias.pdf	2	0	5.47 MB	2.74 MB
ztg/item_44/ztg-3-historias_pasta.pdf	2	0	2.43 MB	1.21 MB
ztg/item_45/ztg-algunas-cosas_pasta.pdf	2	0	2.39 MB	1.19 MB
ztg/item_50/ztg-tormenta-Beatriz_pasta.pdf	2	0	1.52 MB	776.02 KB
ztg/item_7/ztg-cuantos-animales-tienes_pasta.pdf	2	0	50.50 KB	25.25 KB
ztg/item_8/ztg-cuento-juan.pdf	2	0	2.73 MB	1.36 MB
ztg/item_8/ztg-cuento-juan_pasta.pdf	2	0	1.82 MB	929.45 KB
ztp/item_1/ztp-cuento-un-tlacuache_imprimir.pdf	2	0	500.87 KB	250.43 KB
ztp/item_1/ztp-cuento-un-tlacuache_pasta.pdf	2	0	46.38 KB	23.19 KB
ztp/item_2/ztp-conejo-y-luna_pasta.pdf	2	0	56.24 KB	28.12 KB
ztq/item_1/ztq_ConvOrt.pdf	2	0	317.42 KB	158.71 KB
zts/item_10/zts-que-paso-cuervo.pdf	2	0	318.00 KB	159.00 KB
zts/item_11/zts-vamos-contar_imprimir.pdf	2	0	918.72 KB	459.36 KB
zts/item_13/zts-algunas-frases-comunes.pdf	2	0	278.59 KB	139.30 KB
zts/item_13/zts-algunas-frases-comunes_imprimir.p...	2	0	337.73 KB	168.87 KB
zts/item_13/zts-algunas-frases-comunes_pasta.pdf	2	0	42.35 KB	21.17 KB
zts/item_16/zts-Agua-da-vida.pdf	2	0	794.91 KB	397.45 KB
zts/item_16/zts-Agua-da-vida2014.pdf	2	0	794.91 KB	397.45 KB
zts/item_16/zts-Agua-da-vida2016.pdf	2	0	2.24 MB	1.12 MB
