"amu"	"00000"	"amuzga"	"Amuzgo"	"[variant language]"	"Amuzgo de Guerrero"
"azg"	"00000"	"amuzga"	"Amuzgo"	"[variant language]"	"Amuzgo de Oaxaca"
"azm"	"00000"	"amuzga"	"Amuzgo"	"[variant language]"	"Amuzgo de Santa María Ipalapa"
"azz"	"00000"	"nahuatl"	"Náhuatl"	"[variant language]"	"Náhuatl de la sierra de Puebla"
"naz"	"00000"	"nahuatl"	"Náhuatl"	"[variant language]"	"Náhuatl de Coatepec"
"ncj"	"00000"	"nahuatl"	"Náhuatl"	"[variant language]"	"Náhuatl del norte de Puebla"
"ncl"	"00000"	"nahuatl"	"Náhuatl"	"[variant language]"	"Náhuatl de Michoacán"
"ncx"	"00000"	"nahuatl"	"Náhuatl"	"[variant language]"	"Náhuatl Central de Puebla"
"ngu"	"00000"	"nahuatl"	"Náhuatl"	"[variant language]"	"Náhuatl de Guerrero"
"ngu"	"06028"	"nahuatl"	"Náhuatl"	"[variant language]"	"Náhuatl de Guerrero: Chilapa"
"ngu"	"03137"	"nahuatl"	"Náhuatl"	"[variant language]"	"Náhuatl de Guerrero: Olinalá"
"ngu"	"06044"	"nahuatl"	"Náhuatl"	"[variant language]"	"Náhuatl de Guerrero: Tlapa"
"nhc"	"00000"	"nahuatl"	"Náhuatl"	"[variant language]"	"Náhuatl de Tabasco"
"nhe"	"00000"	"nahuatl"	"Náhuatl"	"[variant language]"	"Náhuatl de la Huasteca oriental"
"nhg"	"00000"	"nahuatl"	"Náhuatl"	"[variant language]"	"Náhuatl de Tetelcingo"
"nhi"	"00000"	"nahuatl"	"Náhuatl"	"[variant language]"	"Náhuatl de Zacatlán, Ahuacatlán y Tepetzintla"
"nhk"	"00000"	"nahuatl"	"Náhuatl"	"[variant language]"	"Náhuatl del Istmo - Cosoleacaque"
"nhm"	"00000"	"nahuatl"	"Náhuatl"	"[variant language]"	"Náhuatl de Morelos"
"nhn"	"00000"	"nahuatl"	"Náhuatl"	"[variant language]"	"Náhuatl Central"
"nhp"	"00000"	"nahuatl"	"Náhuatl"	"[variant language]"	"Náhuatl del Istmo de Pajapan"
"nhq"	"00000"	"nahuatl"	"Náhuatl"	"[variant language]"	"Náhuatl de Huaxcaleca"
"nht"	"00000"	"nahuatl"	"Náhuatl"	"[variant language]"	"Náhuatl de Ometepec"
"nhv"	"00000"	"nahuatl"	"Náhuatl"	"[variant language]"	"Náhuatl de Temascaltepec"
"nhw"	"00000"	"nahuatl"	"Náhuatl"	"[variant language]"	"Náhuatl de la Huasteca occidental"
"nhx"	"22736"	"nahuatl"	"Náhuatl"	"[variant language]"	"Nahuatl del Istmo - Mecayapan"
"nhy"	"00000"	"nahuatl"	"Náhuatl"	"[variant language]"	"Náhuatl del norte de Oaxaca"
"nhz"	"00000"	"nahuatl"	"Náhuatl"	"[variant language]"	"Náhuatl de Sta. María la Alta"
"nln"	"00000"	"nahuatl"	"Náhuatl"	"[variant language]"	"Náhuatl de Durango"
"nlv"	"04679"	"nahuatl"	"Náhuatl"	"[variant language]"	"Náhuatl de Orizaba"
"npl"	"00000"	"nahuatl"	"Náhuatl"	"[variant language]"	"Náhuatl del valle de Tehuacán"
"nuz"	"00000"	"nahuatl"	"Náhuatl"	"[variant language]"	"Náhuatl de Tlamacazapa"
"cco"	"04816"	"chinanteca"	"Chinanteco"	"[variant language]"	"Chinanteco de Comaltepec"
"cco"	"20004"	"chinanteca"	"Chinanteco"	"[variant language]"	"Chinanteco de Tectitlán"
"chj"	"00000"	"chinanteca"	"Chinanteco"	"[variant language]"	"Chinanteco de Ojitlán"
"chq"	"00000"	"chinanteca"	"Chinanteco"	"[variant language]"	"Chinanteco de Quiotepec"
"chz"	"00000"	"chinanteca"	"Chinanteco"	"[variant language]"	"Chinanteco de Ozumacín"
"cle"	"00000"	"chinanteca"	"Chinanteco"	"[variant language]"	"Chinanteco de Lealao"
"cnl"	"00000"	"chinanteca"	"Chinanteco"	"[variant language]"	"Chinanteco de Lalana"
"cnt"	"03266"	"chinanteca"	"Chinanteco"	"[variant language]"	"Chinanteco de Tepetotutla"
"cnt"	"02759"	"chinanteca"	"Chinanteco"	"[variant language]"	"Chinanteco de Tlatepusco"
"cpa"	"00000"	"chinanteca"	"Chinanteco"	"[variant language]"	"Chinanteco de Palantla"
"csa"	"00000"	"chinanteca"	"Chinanteco"	"[variant language]"	"Chinanteco de Chiltepec"
"cso"	"00000"	"chinanteca"	"Chinanteco"	"[variant language]"	"Chinanteco de Sochiapam"
"cte"	"00000"	"chinanteca"	"Chinanteco"	"[variant language]"	"Chinanteco de Tepinapa"
"ctl"	"00000"	"chinanteca"	"Chinanteco"	"[variant language]"	"Chinanteco de Tlacoatzintepec"
"cuc"	"00000"	"chinanteca"	"Chinanteco"	"[variant language]"	"Chinanteco de Usila"
"cvn"	"00000"	"chinanteca"	"Chinanteco"	"[variant language]"	"Chinanteco de Valle Nacional"
"chd"	"00000"	"tequistlateca"	"Chontal"	"[variant language]"	"Chontal de la sierra de Oaxaca"
"chf"	"02819"	"tequistlateca"	"Chontal"	"[variant language]"	"Chontal Tabasco San Carlos"
"chf"	"02818"	"tequistlateca"	"Chontal"	"[variant language]"	"Chontal Tabasco Tamulte"
"chf"	"00017"	"tequistlateca"	"Chontal"	"[variant language]"	"Chontal Tabasco Tapotzingo"
"clo"	"00000"	"tequistlateca"	"Chontal"	"[variant language]"	"Chontal de la Costa de Oaxaca"
"cly"	"00000"	"zapoteca"	"Chatino"	"[variant language]"	"Chatino de Yolotepec-Lachao"
"cta"	"00000"	"zapoteca"	"Chatino"	"[variant language]"	"Chatino de Tataltepec"
"ctp"	"04818"	"zapoteca"	"Chatino"	"[variant language]"	"Chatino de Alta Oeste"
"ctp"	"03969"	"zapoteca"	"Chatino"	"[variant language]"	"Chatino de la zona alta occidental"
"ctz"	"00000"	"zapoteca"	"Chatino"	"[variant language]"	"Chatino de San Marcos Zacatepec"
"cya"	"03920"	"zapoteca"	"Chatino"	"[variant language]"	"Chatino de Nopala"
"cya"	"00000"	"zapoteca"	"Chatino"	"[variant language]"	"Chatino de Nopala (Tiltepec)"
"czn"	"00000"	"zapoteca"	"Chatino"	"[variant language]"	"Chatino de Zenzontepec"
"cac"	"02095"	"maya"	"Chuj de Ixtatán"	"[variant language]"	"Chuj de Ixtatán"
"cob"	"00000"	"maya"	"Chicomucelteco"	"[variant language]"	"Chicomuceltec"
"coc"	"00000"	"yumana"	"Cocopá"	"[variant language]"	"Cocopa"
"coj"	"00000"	"pimana"	"Cochimia"	"[variant language]"	"Cochimí"
"cok"	"00000"	"corachol"	"Cora"	"[variant language]"	"Cora de Sta.Teresa"
"crn"	"4921"	"corachol"	"Cora"	"[variant language]"	"Cora de El Nayar y Mesa Del Nayar"
"crn"	"20089"	"corachol"	"Cora"	"[variant language]"	"Cora de Presidio de Los Reyes"
"crn"	"03287"	"corachol"	"Cora"	"[variant language]"	"Cora nayar"
"coz"	"00000"	"popoloca"	"Chochoteco"	"[variant language]"	"Chocholteco"
"ctu"	"02439"	"maya"	"Ch’ol"	"[variant language]"	"Chol Sabanilla"
"ctu"	"00000"	"maya"	"Ch’ol"	"[variant language]"	"Chol Yajalon"
"ctu"	"02104"	"maya"	"Ch’ol"	"[variant language]"	"Chol de Tila"
"ctu"	"00014"	"maya"	"Ch’ol"	"[variant language]"	"Chol de Tumbalá"
"cut"	"00000"	"mixteca"	"Cuicateco"	"[variant language]"	"Cuicateco de Teutila"
"cux"	"19380"	"mixteca"	"Cuicateco"	"[variant language]"	"Cuicateco de Papalo"
"cux"	"02894"	"mixteca"	"Cuicateco"	"[variant language]"	"Cuicateco de Tepeuxila"
"dih"	"00000"	"yumana"	"Kumiái"	"[variant language]"	"Kumiai"
"hch"	"00000"	"corachol"	"Huichol"	"[variant language]"	"Huichol"
"hue"	"00000"	"huave"	"Huave"	"[variant language]"	"Huave de San Francisco del Mar"
"huv"	"00000"	"huave"	"Huave"	"[variant language]"	"Huave de San Mateo del Mar"
"hve"	"00000"	"huave"	"Huave"	"[variant language]"	"Huave de San Dionisio del Mar"
"hvv"	"00000"	"huave"	"Huave"	"[variant language]"	"Huave de Sta. María del Mar"
"hus"	"04381"	"maya"	"Huasteco"	"[variant language]"	"Huasteco de San Luis Potosí"
"hus"	"4681"	"maya"	"Huasteco"	"[variant language]"	"Huasteco de Veracruz"
"hus"	"00000"	"maya"	"Huasteco"	"[variant language]"	"Huasteco del Sureste"
"jac"	"11063"	"maya"	"Jacalteco"	"[variant language]"	"Jacalteco del Oeste"
"jmx"	"00000"	"mixteca"	"Mixteco"	"[variant language]"	"Mixteco de Coicoyán"
"mab"	"00000"	"mixteca"	"Mixteco"	"[variant language]"	"Mixteco de Yutunduchi"
"mbz"	"00000"	"mixteca"	"Mixteco"	"[variant language]"	"Mixteco de Amoltepec"
"mce"	"00000"	"mixteca"	"Mixteco"	"[variant language]"	"Mixteco del Este de Putla"
"mdv"	"00000"	"mixteca"	"Mixteco"	"[variant language]"	"Mixteco de Santa Lucía Monteverde"
"meh"	"00000"	"mixteca"	"Mixteco"	"[variant language]"	"Mixteco del suroeste de Tlaxiaco (Nuyoo)"
"mib"	"00000"	"mixteca"	"Mixteco"	"[variant language]"	"Mixteco de San Esteban Atatláhuca"
"mie"	"06387"	"mixteca"	"Mixteco"	"[variant language]"	"Mixteco de Cuquila"
"mie"	"02897"	"mixteca"	"Mixteco"	"[variant language]"	"Mixteco de Sto. Tomás Ocotepec"
"mig"	"00000"	"mixteca"	"Mixteco"	"[variant language]"	"Mixteco de San Miguel el Grande"
"mig"	"03130"	"mixteca"	"Mixteco"	"[variant language]"	"Mixteco de San Pedro Molinos"
"mih"	"00000"	"mixteca"	"Mixteco"	"[variant language]"	"Mixteco de Chayuco"
"mii"	"04064"	"mixteca"	"Mixteco"	"[variant language]"	"Mixteco Central de Puebla"
"mil"	"02731"	"mixteca"	"Mixteco"	"[variant language]"	"Mixteco de Estetla"
"mil"	"02872"	"mixteca"	"Mixteco"	"[variant language]"	"Mixteco de Peñoles"
"mim"	"04382"	"mixteca"	"Mixteco"	"[variant language]"	"Mixteco de Alacatlatzala"
"mim"	"06431"	"mixteca"	"Mixteco"	"[variant language]"	"Mixteco de Atlamajalcingo"
"mim"	"06200"	"mixteca"	"Mixteco"	"[variant language]"	"Mixteco de Cahuatache"
"mim"	"06434"	"mixteca"	"Mixteco"	"[variant language]"	"Mixteco de Mixtecapa"
"mim"	"06043"	"mixteca"	"Mixteco"	"[variant language]"	"Mixteco de Potoichan"
"mim"	"21224"	"mixteca"	"Mixteco"	"[variant language]"	"Mixteco de Xonacatlan"
"mio"	"00000"	"mixteca"	"Mixteco"	"[variant language]"	"Mixteco de Pinotepa Nacional"
"mip"	"03153"	"mixteca"	"Mixteco"	"[variant language]"	"Mixteco de Apasco"
"mip"	"02735"	"mixteca"	"Mixteco"	"[variant language]"	"Mixteco de San Miguel Huautla"
"mit"	"02767"	"mixteca"	"Mixteco"	"[variant language]"	"Mixteco de Tonahuixtla"
"mit"	"02762"	"mixteca"	"Mixteco"	"[variant language]"	"Mixteco del sur de Puebla"
"miu"	"00000"	"mixteca"	"Mixteco"	"[variant language]"	"Mixteco de Cacaloxtepec"
"mix"	"03385"	"mixteca"	"Mixteco"	"[variant language]"	"Mixteco de San Juan Mixtepec"
"mix"	"04052"	"mixteca"	"Mixteco"	"[variant language]"	"Mixteco de Yucunicoco"
"miy"	"00000"	"mixteca"	"Mixteco"	"[variant language]"	"Mixteco de la Costa de Guerrero"
"miz"	"00000"	"mixteca"	"Mixteco"	"[variant language]"	"Mixteco de San Juan Coatzospan"
"mjc"	"00000"	"mixteca"	"Mixteco"	"[variant language]"	"Mixteco de San Juan Colorado"
"mks"	"04198"	"mixteca"	"Mixteco"	"[variant language]"	"Mixteco de Atenango"
"mks"	"06365"	"mixteca"	"Mixteco"	"[variant language]"	"Mixteco de San Antonio de las Mesas"
"mks"	"04182"	"mixteca"	"Mixteco"	"[variant language]"	"Mixteco de San Jorge Nuchita"
"mks"	"03973"	"mixteca"	"Mixteco"	"[variant language]"	"Mixteco de Silacayoapan"
"mks"	"04779"	"mixteca"	"Mixteco"	"[variant language]"	"Mixteco de Zahuatlan"
"mpm"	"04196"	"mixteca"	"Mixteco"	"[variant language]"	"Mixteco de Yolotepec"
"mpm"	"04026"	"mixteca"	"Mixteco"	"[variant language]"	"Mixteco de Yosondúa"
"mqh"	"04852"	"mixteca"	"Mixteco"	"[variant language]"	"Mixteco de Tlazoyaltepec"
"mtu"	"00000"	"mixteca"	"Mixteco"	"[variant language]"	"Mixteco de San Pedro Tututepec"
"mtx"	"00000"	"mixteca"	"Mixteco"	"[variant language]"	"Mixteco del Norte Central de Nochixtlán"
"mvg"	"02826"	"mixteca"	"Mixteco"	"[variant language]"	"Mixteco de Tetaltepec y El Alto"
"mvg"	"06408"	"mixteca"	"Mixteco"	"[variant language]"	"Mixteco de San Bartolomé Yucuañe"
"mxa"	"03974"	"mixteca"	"Mixteco"	"[variant language]"	"Mixteco del Noroeste de Oaxaca"
"mxb"	"21241"	"mixteca"	"Mixteco"	"[variant language]"	"Mixteco de San Martin del Rio"
"mxb"	"03970"	"mixteca"	"Mixteco"	"[variant language]"	"Mixteco de Tezoatlán de Segura y Luna"
"mxb"	"04778"	"mixteca"	"Mixteco"	"[variant language]"	"Mixteco de Yucuñuti"
"mxs"	"04799"	"mixteca"	"Mixteco"	"[variant language]"	"Mixteco de San Antonio Huitepec"
"mxt"	"03294"	"mixteca"	"Mixteco"	"[variant language]"	"Mixteco del Este de Jamiltepec-San Cristobal"
"mxt"	"03971"	"mixteca"	"Mixteco"	"[variant language]"	"Mixteco de San Cristobal Amoltepec"
"mxv"	"00000"	"mixteca"	"Mixteco"	"[variant language]"	"Mixteco de Metlatónoc"
"mxy"	"03401"	"mixteca"	"Mixteco"	"[variant language]"	"Mixteco de Nuxaa"
"mxy"	"19454"	"mixteca"	"Mixteco"	"[variant language]"	"Mixteco del sureste de Nochixtlán"
"mza"	"00000"	"mixteca"	"Mixteco"	"[variant language]"	"Mixteco de Santa María Zacatepec"
"vmc"	"04050"	"mixteca"	"Mixteco"	"[variant language]"	"Mixteco Central de Juxtlahuaca"
"vmj"	"00000"	"mixteca"	"Mixteco"	"[variant language]"	"Mixteco del Noreste de Jamiltepec"
"vmm"	"00000"	"mixteca"	"Mixteco"	"[variant language]"	"Mixteco de Mitlatongo"
"vmq"	"00000"	"mixteca"	"Mixteco"	"[variant language]"	"Mixteco de San Bartolo Soyaltepec"
"vmx"	"00000"	"mixteca"	"Mixteco"	"[variant language]"	"Mixteco de San Juan Tamazola"
"xta"	"00000"	"mixteca"	"Mixteco"	"[variant language]"	"Mixteco de Alcozauca (Xochapa)"
"xtb"	"00000"	"mixteca"	"Mixteco"	"[variant language]"	"Mixteco de Chazumba"
"xtd"	"00000"	"mixteca"	"Mixteco"	"[variant language]"	"Mixteco de Diuxi-Tilantongo"
"xti"	"00000"	"mixteca"	"Mixteco"	"[variant language]"	"Mixteco de Sinicahua"
"xtj"	"00000"	"mixteca"	"Mixteco"	"[variant language]"	"Mixteco de San Juan Teita"
"xtl"	"00000"	"mixteca"	"Mixteco"	"[variant language]"	"Mixteco de Tijaltepec"
"xtm"	"06042"	"mixteca"	"Mixteco"	"[variant language]"	"Mixteco de Magdalena Peñasco"
"xtm"	"06443"	"mixteca"	"Mixteco"	"[variant language]"	"Mixteco de San Mateo Peñasco"
"xtm"	"04068"	"mixteca"	"Mixteco"	"[variant language]"	"Mixteco de Tlacotepec"
"xtn"	"04374"	"mixteca"	"Mixteco"	"[variant language]"	"Mixteco de Ñumí, Monte Verde"
"xtn"	"06498"	"mixteca"	"Mixteco"	"[variant language]"	"Mixteco de San Sebastian Nicananduta"
"xtn"	"04731"	"mixteca"	"Mixteco"	"[variant language]"	"Mixteco del norte de Tlaxiaco"
"xtp"	"00000"	"mixteca"	"Mixteco"	"[variant language]"	"Mixteco de San Miguel Piedras"
"xts"	"00000"	"mixteca"	"Mixteco"	"[variant language]"	"Mixteco de Sindihui"
"xtt"	"00000"	"mixteca"	"Mixteco"	"[variant language]"	"Mixteco de Tacahua"
"xtu"	"00000"	"mixteca"	"Mixteco"	"[variant language]"	"Mixteco de Cuyamecalco"
"xty"	"00000"	"mixteca"	"Mixteco"	"[variant language]"	"Mixteco de Yoloxochitl"
"klb"	"00000"	"yumana"	"Kiliwa"	"[variant language]"	"Kiliwi"
"knj"	"00000"	"maya"	"Akateko"	"[variant language]"	"Kanjobal del Oeste"
"lac"	"00000"	"maya"	"Lacandón"	"[variant language]"	"Lacandón de Lacanjá"
"maa"	"19386"	"popoloca"	"Mazateco"	"[variant language]"	"Mazateco de Eloxochitlán de Flores Magón"
"maa"	"19452"	"popoloca"	"Mazateco"	"[variant language]"	"Mazateco de San Jerónimo"
"maj"	"00000"	"popoloca"	"Mazateco"	"[variant language]"	"Mazateco de Jalapa de Díaz"
"maq"	"00000"	"popoloca"	"Mazateco"	"[variant language]"	"Mazateco de San Juan Chiquihuitlán"
"mau"	"00041"	"popoloca"	"Mazateco"	"[variant language]"	"Mazateco de Huautla"
"mau"	"21145"	"popoloca"	"Mazateco"	"[variant language]"	"Mazateco de Sta María Asunción"
"mzi"	"00000"	"popoloca"	"Mazateco"	"[variant language]"	"Mazateco de San Pedro Ixcatlán"
"vmp"	"00000"	"popoloca"	"Mazateco"	"[variant language]"	"Mazateco de San Miguel Soyaltepec"
"vmy"	"00000"	"popoloca"	"Mazateco"	"[variant language]"	"Mazateco de Ayautla"
"vmz"	"00000"	"popoloca"	"Mazateco"	"[variant language]"	"Mazateco de Mazatlán"
"mam"	"04797"	"maya"	"Mam"	"[variant language]"	"Mam Comitancillo"
"mam"	"03470"	"maya"	"Mam"	"[variant language]"	"Mam de Todos Santos"
"mam"	"02116"	"maya"	"Mam"	"[variant language]"	"Mam del Norte"
"mam"	"02773"	"maya"	"Mam"	"[variant language]"	"Tacaneco"
"ttc"	"00000"	"maya"	"Mam"	"[variant language]"	"Tectiteco"
"mat"	"00000"	"otopame"	"Matlatzinca"	"[variant language]"	"Matlatzinca de San Francisco de los Ranchos"
"ocu"	"00000"	"otopame"	"Matlatzinca"	"[variant language]"	"Matlatzinca de Atzingo"
"maz"	"00000"	"otopame"	"Mazahua"	"[variant language]"	"Mazahua del Estado de México"
"mmc"	"00000"	"otopame"	"Mazahua"	"[variant language]"	"Mazahua de Michoacán"
"mco"	"00000"	"mixe"	"Mixe"	"[variant language]"	"Mixe de Coatlán"
"mir"	"00000"	"mixe"	"Mixe"	"[variant language]"	"Mixe del Istmo (del Istmo, Guichicovi)"
"mto"	"00000"	"mixe"	"Mixe"	"[variant language]"	"Mixe de Totontepec"
"mxp"	"04819"	"mixe"	"Mixe"	"[variant language]"	"Mixe de Tlahuitoltepec"
"mxq"	"00000"	"mixe"	"Mixe"	"[variant language]"	"Mixe de Juquila"
"mzl"	"00000"	"mixe"	"Mixe"	"[variant language]"	"Mixe de Mazatlán"
"neq"	"04724"	"mixe"	"Mixe"	"[variant language]"	"Mixe de Mixistlán"
"neq"	"00000"	"mixe"	"Mixe"	"[variant language]"	"Mixe a la norte del Distrito Mixe (Atitlán)"
"pxm"	"00000"	"mixe"	"Mixe"	"[variant language]"	"Mixe de Quetzaltepec"
"mfs"	"00000"	"sign language"	"Lengua de Señas"	"[variant language]"	"Lengua de Señas Mexicana"
"mfy"	"00000"	"taracahita"	"Mayo"	"[variant language]"	"Mayo"
"mhc"	"00000"	"maya"	"Motozintleco"	"[variant language]"	"Mocho"
"ntp"	"00000"	"pimana"	"Tepehuán"	"[variant language]"	"Tepehuán del Norte"
"stp"	"00000"	"pimana"	"Tepehuán"	"[variant language]"	"Tepehuán del Sureste"
"tla"	"00000"	"pimana"	"Tepehuán"	"[variant language]"	"Tepehuán del Suroeste"
"ood"	"00000"	"pimana"	"Tohono O’odham"	"[variant language]"	"Tohono Oꞌodham"
"ote"	"00000"	"otopame"	"Otomí"	"[variant language]"	"Otomí del Valle del  Mezquital"
"otl"	"00000"	"otopame"	"Otomí"	"[variant language]"	"Otomí de Tilapa"
"otm"	"00000"	"otopame"	"Otomí"	"[variant language]"	"Otomí sierra oriente"
"otn"	"00000"	"otopame"	"Otomí"	"[variant language]"	"Otomí de Tenango"
"otq"	"00000"	"otopame"	"Otomí"	"[variant language]"	"Otomí del Poniente"
"ots"	"00000"	"otopame"	"Otomí"	"[variant language]"	"Otomí del estado de Mexico"
"ott"	"00000"	"otopame"	"Otomí"	"[variant language]"	"Otomí de Temoaya"
"otx"	"00000"	"otopame"	"Otomí"	"[variant language]"	"Otomí de Texcatepec"
"otz"	"00000"	"otopame"	"Otomí"	"[variant language]"	"Otomí del Sureste"
"pbe"	"00000"	"popoloca"	"Popoloca"	"[variant language]"	"Popoloca de Los Reyes Mezontla"
"pbf"	"00000"	"popoloca"	"Popoloca"	"[variant language]"	"Popoloca de Coyotepec"
"pca"	"00000"	"popoloca"	"Popoloca"	"[variant language]"	"Popoloca de Sta. Inés Ahuatempan"
"pls"	"00000"	"popoloca"	"Popoloca"	"[variant language]"	"Popoloca de San Marcos Tlacoyalco"
"poe"	"00000"	"popoloca"	"Popoloca"	"[variant language]"	"Popoloca de San Juan Atzingo"
"pow"	"00000"	"popoloca"	"Popoloca"	"[variant language]"	"Popoloca de San Felipe Otlaltepec"
"pps"	"00000"	"popoloca"	"Popoloca"	"[variant language]"	"Popoloca de San Luis Temalacayuca"
"pbs"	"00000"	"otopame"	"Pame"	"[variant language]"	"Pame del Centro"
"pmq"	"00000"	"otopame"	"Pame"	"[variant language]"	"Chichimeca Pame del Norte"
"pei"	"00000"	"otopame"	"Chichimeca-Jonaz"	"[variant language]"	"Chichimeca-Jonaz"
"pia"	"00000"	"pimana"	"Pima Bajo"	"[variant language]"	"Pima Bajo de Sonora"
"plo"	"00000"	"mixe"	"Popoluca"	"[variant language]"	"Popoluca de Oluta"
"poi"	"00000"	"mixe"	"Popoluca"	"[variant language]"	"Popoluca de la Sierra"
"poq"	"00000"	"mixe"	"Popoluca"	"[variant language]"	"Popoluca de Texistepec"
"pos"	"00000"	"mixe"	"Popoluca"	"[variant language]"	"Popoluca de Sayula"
"ppi"	"00000"	"yumana"	"Paipai"	"[variant language]"	"Paipai"
"pua"	"00000"	"tarasca"	"Purépecha"	"[variant language]"	"Purépecha"
"tsz"	"00054"	"tarasca"	"Purépecha"	"[variant language]"	"Purépecha (Tarasco) de Central"
"sei"	"00000"	"seri"	"Seri"	"[variant language]"	"Seri"
"tac"	"00000"	"taracahita"	"Tarahumara"	"[variant language]"	"Tarahumara baja"
"tar"	"00000"	"taracahita"	"Tarahumara"	"[variant language]"	"Tarahumara Alta"
"tcu"	"17211"	"taracahita"	"Tarahumara"	"[variant language]"	"Tarahumara del Sureste"
"tcu"	"17210"	"taracahita"	"Tarahumara"	"[variant language]"	"Tarahumara del Sureste"
"thh"	"00000"	"taracahita"	"Tarahumara"	"[variant language]"	"Tarahumara del Norte"
"twr"	"00000"	"taracahita"	"Tarahumara"	"[variant language]"	"Tarahumara del Suroeste"
"tee"	"00000"	"totonaca"	"Tepehua"	"[variant language]"	"Tepehua de Huehuetla"
"tpp"	"00000"	"totonaca"	"Tepehua"	"[variant language]"	"Tepehua de Pisaflores"
"tpt"	"00000"	"totonaca"	"Tepehua"	"[variant language]"	"Tepehua de Tlachichilco"
"tku"	"00000"	"totonaca"	"Totonaco"	"[variant language]"	"Totonaco de Patla y Chicontla"
"tlc"	"00000"	"totonaca"	"Totonaco"	"[variant language]"	"Totonaco de Yecuatla"
"tlp"	"00000"	"totonaca"	"Totonaco"	"[variant language]"	"Totonaco de Filomeno Mata-Coahuitlán"
"toc"	"00000"	"totonaca"	"Totonaco"	"[variant language]"	"Totonaco de Coyutla"
"too"	"00000"	"totonaca"	"Totonaco"	"[variant language]"	"Totonaco de Xicotepec de  Juárez"
"top"	"00000"	"totonaca"	"Totonaco"	"[variant language]"	"Totonaco de Papantla"
"tos"	"00000"	"totonaca"	"Totonaco"	"[variant language]"	"Totonaco de la Sierra"
"tqt"	"00000"	"totonaca"	"Totonaco"	"[variant language]"	"Totonaco de Ozumatlán"
"toj"	"00000"	"maya"	"Tojolabal"	"[variant language]"	"Tojolabal"
"tcf"	"03352"	"tlapaneca"	"Me’phaa"	"[variant language]"	"Me’phaa de Malinaltepec"
"tcf"	"00000"	"tlapaneca"	"Me’phaa"	"[variant language]"	"Me'phaa de Malinaltepec"
"tpc"	"00000"	"tlapaneca"	"Me’phaa"	"[variant language]"	"Tlapaneco de Azoyu"
"tpl"	"00000"	"tlapaneca"	"Me’phaa"	"[variant language]"	"Me'phaa de Tlacoapa"
"tpx"	"20003"	"tlapaneca"	"Me’phaa"	"[variant language]"	"Tlapaneco de Acatepec"
"tpx"	"06389"	"tlapaneca"	"Me’phaa"	"[variant language]"	"Me’phaa de Huitzapula"
"tpx"	"06391"	"tlapaneca"	"Me’phaa"	"[variant language]"	"Tlapaneco de Acatepec"
"tpx"	"06388"	"tlapaneca"	"Me’phaa"	"[variant language]"	"Me’phaa de Zoquitlán"
"trc"	"00000"	"mixteca"	"Triqui"	"[variant language]"	"Triqui de Copala"
"trq"	"00000"	"mixteca"	"Triqui"	"[variant language]"	"Triqui de San Martín Itunyoso "
"trs"	"00000"	"mixteca"	"Triqui"	"[variant language]"	"Triqui de Chicahuaxtla"
"tzh"	"02775"	"maya"	"Tzeltal"	"[variant language]"	"Tzeltal de Amatenango"
"tzh"	"00859"	"maya"	"Tzeltal"	"[variant language]"	"Tzeltal de Bachajón"
"tzh"	"00862"	"maya"	"Tzeltal"	"[variant language]"	"Tzeltal de Bachajon: Del Plano"
"tzh"	"00058"	"maya"	"Tzeltal"	"[variant language]"	"Tzeltal de Oxchuc"
"tzh"	"01796"	"maya"	"Tzeltal"	"[variant language]"	"Tzeltal de Sibal"
"tzh"	"02454"	"maya"	"Tzeltal"	"[variant language]"	"Tzeltal de Tenango"
"tzh"	"02455"	"maya"	"Tzeltal"	"[variant language]"	"Tzeltal de Tenejapa"
"tzo"	"02641"	"maya"	"Tzotzil"	"[variant language]"	"Tzotzil de Chamula"
"tzo"	"02681"	"maya"	"Tzotzil"	"[variant language]"	"Tzotzil de Chenalhó (Ch'enalhó)"
"tzo"	"01204"	"maya"	"Tzotzil"	"[variant language]"	"Tzotzil de Huixtán"
"tzo"	"02737"	"maya"	"Tzotzil"	"[variant language]"	"Tzotzil de Ixtapa"
"tzo"	"02443"	"maya"	"Tzotzil"	"[variant language]"	"Tzotzil de San Andrés Larrainzar"
"tzo"	"02738"	"maya"	"Tzotzil"	"[variant language]"	"Tzotzil de Totolapa"
"tzo"	"02739"	"maya"	"Tzotzil"	"[variant language]"	"Tzotzil de Venustiano Carranza"
"tzo"	"00060"	"maya"	"Tzotzil"	"[variant language]"	"Tzotzil de Zinacantán"
"var"	"03866"	"taracahita"	"Huarijío"	"[variant language]"	"Huarijío de Sonora Alta"
"yaq"	"00000"	"taracahita"	"Yaqui"	"[variant language]"	"Yaqui"
"zaa"	"00000"	"zapoteca"	"Zapoteco"	"[variant language]"	"Zapoteco de la Sierra de Juárez"
"zab"	"04808"	"zapoteca"	"Zapoteco"	"[variant language]"	"Zapoteco de San Juan Guelavía"
"zab"	"06369"	"zapoteca"	"Zapoteco"	"[variant language]"	"Zapoteco de Teotitlán del Valle"
"zab"	"02726"	"zapoteca"	"Zapoteco"	"[variant language]"	"Zapoteco de Valle"
"zac"	"06366"	"zapoteca"	"Zapoteco"	"[variant language]"	"Zapoteco de La Garzona"
"zac"	"04950"	"zapoteca"	"Zapoteco"	"[variant language]"	"Zapoteco del Poniente de Ocotlán"
"zac"	"06399"	"zapoteca"	"Zapoteco"	"[variant language]"	"Zapoteco de Santa Lucia"
"zac"	"02915"	"zapoteca"	"Zapoteco"	"[variant language]"	"Zapoteco de Santiago Apóstol"
"zad"	"00000"	"zapoteca"	"Zapoteco"	"[variant language]"	"Zapoteco del Sur de Villa Alta"
"zae"	"00000"	"zapoteca"	"Zapoteco"	"[variant language]"	"Zapoteco de Sta. Ana Yareni"
"zaf"	"00000"	"zapoteca"	"Zapoteco"	"[variant language]"	"Zapoteco de Ayoquesco"
"zai"	"00000"	"zapoteca"	"Zapoteco"	"[variant language]"	"Zapoteco del Istmo"
"zam"	"00000"	"zapoteca"	"Zapoteco"	"[variant language]"	"Zapoteco Central de Miahuatlán"
"zao"	"00000"	"zapoteca"	"Zapoteco"	"[variant language]"	"Zapoteco de Ozolotepec"
"zaq"	"00000"	"zapoteca"	"Zapoteco"	"[variant language]"	"Zapoteco de Aloápam"
"zar"	"00000"	"zapoteca"	"Zapoteco"	"[variant language]"	"Zapoteco del Rincón"
"zas"	"00000"	"zapoteca"	"Zapoteco"	"[variant language]"	"Zapoteco de Sto. Domingo Albarradas"
"zat"	"00000"	"zapoteca"	"Zapoteco"	"[variant language]"	"Zapoteco de Tabaa"
"zav"	"00000"	"zapoteca"	"Zapoteco"	"[variant language]"	"Zapoteco de Yatzachi"
"zaw"	"02453"	"zapoteca"	"Zapoteco"	"[variant language]"	"Zapoteco de Mitla"
"zaw"	"21212"	"zapoteca"	"Zapoteco"	"[variant language]"	"Zapoteco de San Baltazar Guelavila"
"zax"	"00000"	"zapoteca"	"Zapoteco"	"[variant language]"	"Zapoteco del Oriente de Pochutla"
"zca"	"00000"	"zapoteca"	"Zapoteco"	"[variant language]"	"Zapoteco de Coatecas Altas"
"zoo"	"00000"	"zapoteca"	"Zapoteco"	"[variant language]"	"Zapoteco del Norte de Zimatlán Central"
"zpa"	"00000"	"zapoteca"	"Zapoteco"	"[variant language]"	"Zapoteco de Lachiguiri"
"zpb"	"00000"	"zapoteca"	"Zapoteco"	"[variant language]"	"Zapoteco de San Bartolo Yautepec"
"zpc"	"00000"	"zapoteca"	"Zapoteco"	"[variant language]"	"Zapoteco del distrito de Choapan"
"zpd"	"00000"	"zapoteca"	"Zapoteco"	"[variant language]"	"Zapoteco del Sureste de Ixtlán"
"zpe"	"00000"	"zapoteca"	"Zapoteco"	"[variant language]"	"Zapoteco de Sta. María Petapa"
"zpf"	"00000"	"zapoteca"	"Zapoteco"	"[variant language]"	"Zapoteco de Quiatoni"
"zpg"	"02720"	"zapoteca"	"Zapoteco"	"[variant language]"	"Zapoteco del Norte del Istmo"
"zpg"	"02828"	"zapoteca"	"Zapoteco"	"[variant language]"	"Zapoteco de Guienagati"
"zph"	"00000"	"zapoteca"	"Zapoteco"	"[variant language]"	"Zapoteco del Poniente de Zimatlán"
"zpi"	"00000"	"zapoteca"	"Zapoteco"	"[variant language]"	"Zapoteco de Santa María Quiegolani"
"zpj"	"00000"	"zapoteca"	"Zapoteco"	"[variant language]"	"Zapoteco del Noreste de Yautepec"
"zpk"	"00000"	"zapoteca"	"Zapoteco"	"[variant language]"	"Zapoteco del Sureste de Yautepec"
"zpl"	"00000"	"zapoteca"	"Zapoteco"	"[variant language]"	"Zapoteco de Lachixío"
"zpm"	"03949"	"zapoteca"	"Zapoteco"	"[variant language]"	"Zapoteco de San Juan Mixtepec (del districto de Miahuatlán)"
"zpm"	"04375"	"zapoteca"	"Zapoteco"	"[variant language]"	"Zapoteco de Mixtepec"
"zpn"	"00000"	"zapoteca"	"Zapoteco"	"[variant language]"	"Zapoteco del Sureste de Zimatlán"
"zpo"	"00000"	"zapoteca"	"Zapoteco"	"[variant language]"	"Zapoteco de Amatlán"
"zpp"	"00000"	"zapoteca"	"Zapoteco"	"[variant language]"	"Zapoteco del Sur de Zimatlán Central"
"zpq"	"04199"	"zapoteca"	"Zapoteco"	"[variant language]"	"Zapoteco de Laxopa"
"zpq"	"02721"	"zapoteca"	"Zapoteco"	"[variant language]"	"Zapoteco de Solaga"
"zpq"	"04281"	"zapoteca"	"Zapoteco"	"[variant language]"	"Zapoteco de San Bartolomé Zoogocho"
"zpr"	"00000"	"zapoteca"	"Zapoteco"	"[variant language]"	"Zapoteco de Santiago Xanica"
"zps"	"00000"	"zapoteca"	"Zapoteco"	"[variant language]"	"Zapoteco del Poniente de Miahuatlán"
"zpt"	"00000"	"zapoteca"	"Zapoteco"	"[variant language]"	"Zapoteco de San Vicente Coatlán"
"zpu"	"00000"	"zapoteca"	"Zapoteco"	"[variant language]"	"Zapoteco de Yalálag"
"zpv"	"00000"	"zapoteca"	"Zapoteco"	"[variant language]"	"Zapoteco de San Baltazar Chichicapan"
"zpw"	"00000"	"zapoteca"	"Zapoteco"	"[variant language]"	"Zapoteco de Sta. María Zaniza"
"zpx"	"00000"	"zapoteca"	"Zapoteco"	"[variant language]"	"Zapoteco del Norte de Pochutla"
"zpy"	"00000"	"zapoteca"	"Zapoteco"	"[variant language]"	"Zapoteco de Sto. Tomás Mazaltepec"
"zpz"	"00000"	"zapoteca"	"Zapoteco"	"[variant language]"	"Zapoteco de San Lorenzo Texmelucan"
"zsr"	"00000"	"zapoteca"	"Zapoteco"	"[variant language]"	"Zapoteco del Rincón del sur"
"zte"	"00000"	"zapoteca"	"Zapoteco"	"[variant language]"	"Zapoteco de San Juan Elotepec"
"ztg"	"00000"	"zapoteca"	"Zapoteco"	"[variant language]"	"Zapoteco de San Francisco Ozolotepec"
"ztl"	"00000"	"zapoteca"	"Zapoteco"	"[variant language]"	"Zapoteco de Santiago Lapaguía"
"ztm"	"00000"	"zapoteca"	"Zapoteco"	"[variant language]"	"Zapoteco de San Agustín Mixtepec"
"ztn"	"00000"	"zapoteca"	"Zapoteco"	"[variant language]"	"Zapoteco de Sta. Catarina Albarradas"
"ztp"	"00000"	"zapoteca"	"Zapoteco"	"[variant language]"	"Zapoteco del Poniente de Pochutla"
"ztq"	"00000"	"zapoteca"	"Zapoteco"	"[variant language]"	"Zapoteco de Quioquitani y Quierí "
"zts"	"00000"	"zapoteca"	"Zapoteco"	"[variant language]"	"Zapoteco de San Miguel Tilquiapan"
"ztt"	"00000"	"zapoteca"	"Zapoteco"	"[variant language]"	"Zapoteco de Tejalapan"
"ztu"	"00000"	"zapoteca"	"Zapoteco"	"[variant language]"	"Zapoteco de San Pablo Güilá"
"ztx"	"00000"	"zapoteca"	"Zapoteco"	"[variant language]"	"Zapoteco de Zaachila"
"zty"	"00000"	"zapoteca"	"Zapoteco"	"[variant language]"	"Zapoteco de Yatee"
"zoc"	"00000"	"mixe"	"Zoque"	"[variant language]"	"Zoque de Copainalá"
"zoh"	"00000"	"mixe"	"Zoque"	"[variant language]"	"Zoque de Sta. María Chimalapa"
"zoq"	"00000"	"mixe"	"Zoque"	"[variant language]"	"Zoque de Tabasco"
"zor"	"00000"	"mixe"	"Zoque"	"[variant language]"	"Zoque de Rayón"
"zos"	"00000"	"mixe"	"Zoque"	"[variant language]"	"Zoque de Francisco León"
